gid,role,role_score,cluster_id,priority_score,evidence
100000008346837100,consolidator,0.957842,13,0.937038,Признаки консолидации. Вход 9: 254359.00 KZT; выход 25: 1258643.00 KZT; seed-путей 6.
100000003684369100,consolidator,0.650000,3,0.923032,Признаки консолидации. Вход 24: 3848436.00 KZT; выход 62: 8588655.00 KZT; seed-путей 6.
100000008165763100,consolidator,0.995014,3,0.914831,Признаки консолидации. Вход 15: 1165815.00 KZT; выход 17: 1267858.00 KZT; seed-путей 6.
100000008603629100,consolidator,0.997507,4,0.900893,Признаки консолидации. Вход 19: 1817300.00 KZT; выход 61: 4986156.00 KZT; seed-путей 4.
100000008710791100,distributor,0.995965,9,0.898815,Признаки распределения. Вход 3: 181510.00 KZT; выход 23: 5521511.00 KZT; seed-путей 5.
100000003115284100,consolidator,0.998413,12,0.896951,Признаки консолидации. Вход 8: 2160500.00 KZT; выход 2: 517000.00 KZT; seed-путей 9.
100000000331309100,distributor,1.000000,6,0.891791,Признаки распределения. Вход 5: 984635.00 KZT; выход 99: 23001375.00 KZT; seed-путей 4.
100000005910114100,distributor,0.932536,1,0.889248,Признаки распределения. Вход 3: 326144.00 KZT; выход 19: 1469993.00 KZT; seed-путей 4.
100000008512827100,distributor,0.675216,14,0.886795,Признаки распределения. Вход 3: 107949.00 KZT; выход 10: 1944500.00 KZT; seed-путей 5.
100000007908818100,consolidator,0.764461,4,0.886380,Признаки консолидации. Вход 4: 727475.00 KZT; выход 6: 302000.00 KZT; seed-путей 8.
100000001530983100,consolidator,0.759927,5,0.874818,Признаки консолидации. Вход 4: 564158.00 KZT; выход 11: 1829538.00 KZT; seed-путей 5.
100000000343175100,distributor,0.650000,12,0.873713,Признаки распределения. Вход 8: 178712.00 KZT; выход 31: 4000039.00 KZT; seed-путей 4.
100000000437046100,distributor,0.997118,1,0.872789,Признаки распределения. Вход 9: 1107200.00 KZT; выход 42: 7606224.00 KZT; seed-путей 4.
100000005527892100,coordinator,0.550000,18,0.871598,Структурный кандидат на координацию. Вход 3: 220001.00 KZT; выход 8: 552419.00 KZT; seed-путей 4.
100000008743913100,distributor,0.762334,18,0.870159,Признаки распределения. Вход 3: 149300.00 KZT; выход 13: 1850600.00 KZT; seed-путей 6.
100000002957787100,distributor,0.955043,1,0.868555,Признаки распределения. Вход 4: 84956.00 KZT; выход 34: 1276153.96 KZT; seed-путей 4.
100000005074393100,consolidator,0.759814,13,0.860489,Признаки консолидации. Вход 4: 563026.00 KZT; выход 6: 685500.00 KZT; seed-путей 6.
100000008477350100,distributor,0.987896,1,0.855126,Признаки распределения. Вход 11: 610100.00 KZT; выход 39: 3374866.00 KZT; seed-путей 3.
100000006866783100,consolidator,0.650000,1,0.850399,Признаки консолидации. Вход 13: 838812.00 KZT; выход 67: 3948037.00 KZT; seed-путей 3.
100000004156082100,distributor,0.979251,16,0.846987,Признаки распределения. Вход 5: 377366.11 KZT; выход 26: 2319556.00 KZT; seed-путей 4.
100000007442518100,consolidator,0.813911,30,0.841726,Признаки консолидации. Вход 5: 510000.00 KZT; выход 9: 4419999.00 KZT; seed-путей 4.
100000004351795100,distributor,0.789452,1,0.837939,Признаки распределения. Вход 3: 118333.00 KZT; выход 14: 1715161.00 KZT; seed-путей 3.
100000008489922100,distributor,0.989049,9,0.834205,Признаки распределения. Вход 3: 262010.00 KZT; выход 36: 3789900.00 KZT; seed-путей 3.
100000001857829100,consolidator,0.879907,4,0.833422,Признаки консолидации. Вход 6: 888535.00 KZT; выход 16: 2390993.00 KZT; seed-путей 3.
100000008710843100,distributor,0.765793,18,0.831898,Признаки распределения. Вход 2: 33944.00 KZT; выход 13: 1985500.00 KZT; seed-путей 3.
100000008304139100,distributor,0.968876,3,0.831163,Признаки распределения. Вход 4: 189329.75 KZT; выход 24: 1692997.00 KZT; seed-путей 2.
100000008547844100,distributor,0.946369,10,0.830797,Признаки распределения. Вход 3: 177600.00 KZT; выход 19: 2042199.00 KZT; seed-путей 3.
100000008547948100,distributor,0.994813,9,0.825820,Признаки распределения. Вход 6: 212665.00 KZT; выход 26: 5185600.00 KZT; seed-путей 3.
100000003016635100,distributor,0.650000,5,0.822750,Признаки распределения. Вход 8: 586981.00 KZT; выход 73: 9414081.00 KZT; seed-путей 3.
100000008686313100,consolidator,0.885347,1,0.822407,Признаки консолидации. Вход 6: 1912716.00 KZT; выход 7: 333800.00 KZT; seed-путей 3.
100000004997515100,consolidator,0.748368,9,0.820293,Признаки консолидации. Вход 4: 395000.00 KZT; выход 4: 54500.00 KZT; seed-путей 5.
100000001616816100,consolidator,0.650000,7,0.816098,Признаки консолидации. Вход 5: 176195.00 KZT; выход 3: 181326.00 KZT; seed-путей 7.
100000004403675100,coordinator,0.550000,20,0.814551,Структурный кандидат на координацию. Вход 4: 182980.00 KZT; выход 5: 264699.00 KZT; seed-путей 3.
100000003635170100,transit,0.804980,12,0.813363,Признаки транзита. Вход 3: 268500.00 KZT; выход 4: 253500.00 KZT; seed-путей 5.
100000004400305100,distributor,0.996542,1,0.812392,Признаки распределения. Вход 7: 222800.00 KZT; выход 82: 5830181.00 KZT; seed-путей 2.
100000008733194100,consolidator,0.732616,13,0.810583,Признаки консолидации. Вход 4: 251424.00 KZT; выход 8: 159695.00 KZT; seed-путей 4.
100000008730846100,consolidator,0.878360,12,0.810235,Признаки консолидации. Вход 7: 155042.00 KZT; выход 3: 363370.00 KZT; seed-путей 4.
100000007593823100,coordinator,0.550000,1,0.805100,Структурный кандидат на координацию. Вход 3: 25000.00 KZT; выход 13: 162900.00 KZT; seed-путей 4.
100000003242289100,distributor,0.980980,17,0.804671,Признаки распределения. Вход 3: 550791.00 KZT; выход 23: 2377741.00 KZT; seed-путей 3.
100000004070318100,distributor,0.890461,1,0.803692,Признаки распределения. Вход 4: 207246.55 KZT; выход 19: 551860.00 KZT; seed-путей 2.
100000005782781100,consolidator,0.826643,7,0.803568,Признаки консолидации. Вход 6: 171888.00 KZT; выход 10: 1263597.00 KZT; seed-путей 3.
100000008465789100,distributor,0.852911,10,0.802981,Признаки распределения. Вход 1: 30099.00 KZT; выход 16: 1858100.00 KZT; seed-путей 3.
100000006889963100,consolidator,0.771487,6,0.796391,Признаки консолидации. Вход 4: 1431000.00 KZT; выход 1: 443475.80 KZT; seed-путей 9.
100000001899164100,consolidator,0.737942,11,0.794617,Признаки консолидации. Вход 4: 291675.00 KZT; выход 3: 76500.00 KZT; seed-путей 5.
100000005287097100,distributor,0.601988,5,0.794076,Признаки распределения. Вход 2: 127173.00 KZT; выход 9: 697300.00 KZT; seed-путей 3.
100000008752616100,distributor,0.563890,9,0.788873,Признаки распределения. Вход 2: 64510.00 KZT; выход 7: 1265000.00 KZT; seed-путей 4.
100000003701161100,consolidator,0.771827,22,0.788328,Признаки консолидации. Вход 4: 1527103.00 KZT; выход 3: 349000.00 KZT; seed-путей 3.
100000004847758100,distributor,0.762968,3,0.788152,Признаки распределения. Вход 4: 115171.00 KZT; выход 15: 488800.00 KZT; seed-путей 2.
100000005933757100,distributor,0.985014,15,0.787064,Признаки распределения. Вход 4: 1246000.00 KZT; выход 34: 3002628.00 KZT; seed-путей 2.
100000005048668100,coordinator,0.550000,4,0.786558,Структурный кандидат на координацию. Вход 2: 16668.00 KZT; выход 8: 159400.00 KZT; seed-путей 4.
100000002723538100,distributor,0.682190,4,0.785561,Признаки распределения. Вход 3: 105647.00 KZT; выход 12: 560499.00 KZT; seed-путей 2.
100000005514161100,consolidator,0.749275,7,0.782684,Признаки консолидации. Вход 4: 401500.00 KZT; выход 1: 50000.00 KZT; seed-путей 6.
100000008466579100,distributor,0.884640,10,0.782201,Признаки распределения. Вход 2: 36952.00 KZT; выход 17: 1933000.00 KZT; seed-путей 2.
100000005704413100,distributor,0.957925,8,0.781915,Признаки распределения. Вход 3: 97834.67 KZT; выход 32: 1363593.00 KZT; seed-путей 2.
100000008111003100,consolidator,0.838996,1,0.781055,Признаки консолидации. Вход 6: 222716.00 KZT; выход 1: 35000.00 KZT; seed-путей 3.
100000003265158100,transit,0.718731,11,0.779353,Признаки транзита. Вход 3: 146100.40 KZT; выход 2: 154200.00 KZT; seed-путей 4.
100000008637537100,consolidator,0.650000,10,0.775407,Признаки консолидации. Вход 3: 619890.00 KZT; выход 3: 2351495.00 KZT; seed-путей 4.
100000008758168100,distributor,0.515994,18,0.774565,Признаки распределения. Вход 2: 75410.00 KZT; выход 5: 1533600.00 KZT; seed-путей 5.
100000003809101100,peripheral,0.200000,12,0.773588,Нет специфической роли. Вход 2: 166050.00 KZT; выход 2: 55200.00 KZT; seed-путей 5.
100000001937767100,peripheral,0.200000,15,0.773033,Нет специфической роли. Вход 1: 53000.00 KZT; выход 4: 1933000.00 KZT; seed-путей 5.
100000003747133100,consolidator,0.785806,45,0.772980,Признаки консолидации. Вход 5: 237068.00 KZT; выход 2: 250000.00 KZT; seed-путей 3.
100000007639767100,distributor,0.638329,1,0.772092,Признаки распределения. Вход 4: 90913.00 KZT; выход 10: 822244.00 KZT; seed-путей 2.
100000004015047100,consolidator,0.992860,7,0.768376,Признаки консолидации. Вход 9: 919104.00 KZT; выход 1: 69195.00 KZT; seed-путей 8.
100000000661912100,consolidator,0.704165,4,0.767774,Признаки консолидации. Вход 5: 393036.00 KZT; выход 2: 430700.00 KZT; seed-путей 2.
100000004150593100,distributor,0.670058,5,0.767615,Признаки распределения. Вход 1: 57000.00 KZT; выход 11: 871165.00 KZT; seed-путей 3.
100000008731444100,consolidator,0.695405,1,0.767024,Признаки консолидации. Вход 3: 439000.00 KZT; выход 9: 879767.80 KZT; seed-путей 3.
100000008517538100,distributor,0.871383,9,0.765000,Признаки распределения. Вход 3: 155500.00 KZT; выход 17: 1439000.00 KZT; seed-путей 2.
100000008748914100,distributor,0.783084,3,0.764235,Признаки распределения. Вход 2: 180000.00 KZT; выход 13: 4471847.00 KZT; seed-путей 1.
100000005339662100,consolidator,0.723549,16,0.762731,Признаки консолидации. Вход 4: 202939.00 KZT; выход 4: 295160.00 KZT; seed-путей 3.
100000006734214100,consolidator,0.818331,6,0.762162,Признаки консолидации. Вход 5: 610000.00 KZT; выход 3: 36000.00 KZT; seed-путей 3.
100000005382566100,consolidator,0.650000,20,0.761879,Признаки консолидации. Вход 7: 393066.00 KZT; выход 1: 50000.00 KZT; seed-путей 11.
100000005578559100,distributor,0.942363,8,0.758806,Признаки распределения. Вход 2: 131000.00 KZT; выход 21: 893163.67 KZT; seed-путей 2.
100000008413748100,distributor,0.899078,17,0.758023,Признаки распределения. Вход 2: 26480.00 KZT; выход 18: 1377320.22 KZT; seed-путей 2.
100000002241986100,distributor,0.565591,38,0.756520,Признаки распределения. Вход 1: 280000.00 KZT; выход 6: 3077000.00 KZT; seed-путей 3.
100000003071930100,consolidator,0.698124,9,0.755727,Признаки консолидации. Вход 3: 477610.00 KZT; выход 1: 5000.00 KZT; seed-путей 5.
100000004759121100,consolidator,0.876281,1,0.755715,Признаки консолидации. Вход 6: 710000.00 KZT; выход 2: 312000.00 KZT; seed-путей 3.
100000003796063100,distributor,0.794092,6,0.755044,Признаки распределения. Вход 1: 35000.00 KZT; выход 15: 959150.00 KZT; seed-путей 1.
100000004906181100,distributor,0.592133,35,0.754393,Признаки распределения. Вход 1: 100000.00 KZT; выход 7: 2473417.91 KZT; seed-путей 3.
100000006788200100,consolidator,0.735222,7,0.753929,Признаки консолидации. Вход 4: 272155.80 KZT; выход 3: 64500.00 KZT; seed-путей 3.
100000006424479100,peripheral,0.200000,13,0.752202,Нет специфической роли. Вход 1: 500000.00 KZT; выход 2: 220000.00 KZT; seed-путей 5.
100000003880331100,distributor,0.869625,4,0.750673,Признаки распределения. Вход 1: 100000.00 KZT; выход 16: 3904908.00 KZT; seed-путей 1.
100000005665181100,consolidator,0.640027,6,0.748903,Признаки консолидации. Вход 4: 45498.00 KZT; выход 11: 181915.00 KZT; seed-путей 3.
100000002741024100,consolidator,0.822750,1,0.748760,Признаки консолидации. Вход 5: 817980.85 KZT; выход 6: 434989.00 KZT; seed-путей 3.
100000004679953100,consolidator,0.587132,4,0.748698,Признаки консолидации. Вход 3: 343538.00 KZT; выход 3: 34100.00 KZT; seed-путей 2.
100000000332284100,consolidator,0.917384,6,0.747462,Признаки консолидации. Вход 10: 107426.00 KZT; выход 3: 289500.00 KZT; seed-путей 3.
100000008746449100,distributor,0.647550,9,0.744848,Признаки распределения. Вход 1: 10000.00 KZT; выход 10: 1009000.00 KZT; seed-путей 3.
100000006707582100,distributor,0.764669,8,0.744778,Признаки распределения. Вход 2: 39520.00 KZT; выход 14: 961138.00 KZT; seed-путей 1.
100000005612411100,consolidator,0.639648,3,0.744003,Признаки консолидации. Вход 3: 115500.00 KZT; выход 8: 506997.00 KZT; seed-путей 3.
100000004390333100,distributor,0.584121,1,0.741412,Признаки распределения. Вход 2: 64558.00 KZT; выход 9: 506500.00 KZT; seed-путей 2.
100000005473151100,consolidator,0.614217,8,0.739695,Признаки консолидации. Вход 3: 1220000.00 KZT; выход 4: 225000.00 KZT; seed-путей 2.
100000007777377100,peripheral,0.200000,5,0.738757,Нет специфической роли. Вход 1: 456290.00 KZT; выход 2: 10000.00 KZT; seed-путей 4.
100000004159526100,consolidator,0.735562,15,0.737671,Признаки консолидации. Вход 4: 275037.00 KZT; выход 4: 68000.00 KZT; seed-путей 3.
100000008636603100,coordinator,0.550000,5,0.736950,Структурный кандидат на координацию. Вход 2: 35460.00 KZT; выход 6: 159375.00 KZT; seed-путей 2.
100000004569484100,coordinator,0.550000,8,0.736822,Структурный кандидат на координацию. Вход 2: 98312.00 KZT; выход 4: 156000.00 KZT; seed-путей 2.
100000007594394100,consolidator,0.860981,19,0.733386,Признаки консолидации. Вход 6: 395385.00 KZT; выход 1: 3376312.00 KZT; seed-путей 4.
100000003390036100,peripheral,0.200000,12,0.731244,Нет специфической роли. Вход 2: 231300.00 KZT; выход 2: 62000.00 KZT; seed-путей 9.
100000004188160100,distributor,0.374784,5,0.730986,Признаки распределения. Вход 2: 87862.00 KZT; выход 5: 133846.00 KZT; seed-путей 3.
100000003159641100,consolidator,0.663713,16,0.730549,Признаки консолидации. Вход 4: 64000.00 KZT; выход 1: 197800.00 KZT; seed-путей 4.
100000008258083100,peripheral,0.200000,30,0.730463,Нет специфической роли. Вход 2: 3149500.00 KZT; выход 2: 2045650.00 KZT; seed-путей 3.
100000007138613100,consolidator,0.712290,1,0.730374,Признаки консолидации. Вход 3: 1002000.00 KZT; выход 2: 179000.00 KZT; seed-путей 3.
100000008490127100,distributor,0.523516,6,0.728982,Признаки распределения. Вход 1: 431755.00 KZT; выход 6: 923000.00 KZT; seed-путей 3.
100000008512552100,consolidator,0.648255,17,0.728657,Признаки консолидации. Вход 4: 394360.00 KZT; выход 6: 1302275.00 KZT; seed-путей 2.
100000002838861100,consolidator,0.815724,9,0.728241,Признаки консолидации. Вход 5: 554523.95 KZT; выход 1: 10000.00 KZT; seed-путей 4.
100000008461532100,distributor,0.622709,26,0.727874,Признаки распределения. Вход 2: 565300.00 KZT; выход 8: 2530090.00 KZT; seed-путей 2.
100000002748532100,consolidator,0.688605,18,0.726204,Признаки консолидации. Вход 3: 355575.00 KZT; выход 2: 646685.00 KZT; seed-путей 4.
100000006225798100,consolidator,0.707984,17,0.724245,Признаки консолидации. Вход 3: 722000.00 KZT; выход 2: 26300.00 KZT; seed-путей 3.
100000000413678100,peripheral,0.200000,4,0.723839,Нет специфической роли. Вход 2: 306500.00 KZT; выход 3: 528198.00 KZT; seed-путей 3.
100000008742053100,distributor,0.743285,14,0.720679,Признаки распределения. Вход 1: 10000.00 KZT; выход 12: 2789000.00 KZT; seed-путей 2.
100000006518161100,transit,0.917602,5,0.719509,Признаки транзита. Вход 3: 594200.00 KZT; выход 2: 595899.00 KZT; seed-путей 3.
100000006977207100,distributor,0.841354,4,0.718650,Признаки распределения. Вход 1: 414000.00 KZT; выход 15: 4157018.00 KZT; seed-путей 1.
100000001236706100,consolidator,0.648940,13,0.718453,Признаки консолидации. Вход 3: 142700.00 KZT; выход 2: 36000.00 KZT; seed-путей 5.
100000001049200100,coordinator,0.550000,19,0.716682,Структурный кандидат на координацию. Вход 2: 76624.00 KZT; выход 4: 36000.00 KZT; seed-путей 3.
100000002175422100,distributor,0.547723,31,0.714856,Признаки распределения. Вход 3: 68500.00 KZT; выход 6: 1621188.00 KZT; seed-путей 2.
100000005242320100,distributor,0.998271,14,0.713907,Признаки распределения. Вход 2: 365700.00 KZT; выход 21: 8936295.00 KZT; seed-путей 2.
100000003004487100,consolidator,0.616863,31,0.713132,Признаки консолидации. Вход 4: 183702.80 KZT; выход 2: 265015.00 KZT; seed-путей 2.
100000008172352100,consolidator,0.525028,32,0.713040,Признаки консолидации. Вход 3: 90265.00 KZT; выход 7: 289510.00 KZT; seed-путей 2.
100000003854444100,distributor,0.799827,19,0.712387,Признаки распределения. Вход 1: 210000.00 KZT; выход 14: 2322909.00 KZT; seed-путей 1.
100000003946524100,transit,0.636104,3,0.711952,Признаки транзита. Вход 2: 133757.00 KZT; выход 2: 144750.00 KZT; seed-путей 4.
100000002217161100,distributor,0.556398,34,0.710589,Признаки распределения. Вход 2: 404750.00 KZT; выход 7: 995132.00 KZT; seed-путей 2.
100000004394765100,consolidator,0.705717,5,0.708631,Признаки консолидации. Вход 3: 603844.00 KZT; выход 2: 82500.00 KZT; seed-путей 3.
100000006274203100,peripheral,0.200000,19,0.707750,Нет специфической роли. Вход 2: 3417512.00 KZT; выход 3: 72000.00 KZT; seed-путей 4.
100000004041163100,peripheral,0.200000,20,0.705453,Нет специфической роли. Вход 1: 50000.00 KZT; выход 2: 866000.00 KZT; seed-путей 8.
100000008692291100,transit,0.879993,10,0.703793,Признаки транзита. Вход 3: 160000.00 KZT; выход 3: 156000.00 KZT; seed-путей 3.
100000006579678100,distributor,0.548300,5,0.703411,Признаки распределения. Вход 2: 192930.00 KZT; выход 6: 1668800.00 KZT; seed-путей 2.
100000003171587100,peripheral,0.200000,6,0.703342,Нет специфической роли. Вход 2: 700000.00 KZT; выход 2: 431300.00 KZT; seed-путей 3.
100000008460102100,distributor,0.911816,8,0.702194,Признаки распределения. Вход 1: 17500.00 KZT; выход 31: 476570.00 KZT; seed-путей 1.
100000008625905100,peripheral,0.200000,16,0.699744,Нет специфической роли. Вход 1: 197800.00 KZT; выход 2: 635000.00 KZT; seed-путей 4.
100000003213473100,distributor,0.593401,1,0.699411,Признаки распределения. Вход 1: 57500.00 KZT; выход 11: 240000.00 KZT; seed-путей 2.
100000001287955100,peripheral,0.200000,14,0.699387,Нет специфической роли. Вход 1: 17520.00 KZT; выход 4: 310000.00 KZT; seed-путей 1.
100000008628231100,peripheral,0.200000,65,0.698521,Нет специфической роли. Вход 1: 50000.00 KZT; выход 2: 627870.00 KZT; seed-путей 4.
100000008137435100,distributor,0.540231,22,0.697574,Признаки распределения. Вход 2: 93906.00 KZT; выход 6: 1419700.00 KZT; seed-путей 1.
100000008011159100,consolidator,0.589285,40,0.696315,Признаки консолидации. Вход 3: 363000.00 KZT; выход 5: 153037.00 KZT; seed-путей 2.
100000008545727100,distributor,0.553487,8,0.696116,Признаки распределения. Вход 1: 30000.00 KZT; выход 6: 1866500.00 KZT; seed-путей 2.
100000007392365100,distributor,0.550605,39,0.694905,Признаки распределения. Вход 1: 9613.00 KZT; выход 6: 1765600.00 KZT; seed-путей 2.
100000004479404100,peripheral,0.200000,43,0.693175,Нет специфической роли. Вход 2: 1492000.00 KZT; выход 1: 300000.00 KZT; seed-путей 2.
100000004677680100,peripheral,0.200000,12,0.692997,Нет специфической роли. Вход 2: 63000.00 KZT; выход 1: 168000.00 KZT; seed-путей 5.
100000002343825100,consolidator,0.688038,10,0.692592,Признаки консолидации. Вход 3: 350000.00 KZT; выход 2: 89800.00 KZT; seed-путей 3.
100000008104567100,coordinator,0.550000,8,0.690999,Структурный кандидат на координацию. Вход 3: 53550.00 KZT; выход 3: 40000.00 KZT; seed-путей 2.
100000003528285100,consolidator,0.596917,3,0.690904,Признаки консолидации. Вход 4: 118870.00 KZT; выход 4: 548000.00 KZT; seed-путей 2.
100000002628576100,peripheral,0.200000,6,0.689494,Нет специфической роли. Вход 2: 727882.00 KZT; выход 2: 539000.00 KZT; seed-путей 3.
100000008003034100,peripheral,0.200000,13,0.688514,Нет специфической роли. Вход 1: 12201.00 KZT; выход 4: 135000.00 KZT; seed-путей 2.
100000002988894100,peripheral,0.200000,3,0.687842,Нет специфической роли. Вход 1: 306121.00 KZT; выход 3: 77500.00 KZT; seed-путей 4.
100000004299488100,consolidator,0.884780,1,0.686535,Признаки консолидации. Вход 6: 1749000.00 KZT; выход 2: 344999.00 KZT; seed-путей 3.
100000001282143100,terminal,0.650000,14,0.686256,Наблюдаемый конец маршрута. Вход 5: 1700000.00 KZT; выход 0: 0.00 KZT; seed-путей 5.
100000008254069100,distributor,0.362680,20,0.685534,Признаки распределения. Вход 1: 10200.00 KZT; выход 5: 107500.00 KZT; seed-путей 4.
100000008560717100,consolidator,0.927204,6,0.684056,Признаки консолидации. Вход 7: 529000.00 KZT; выход 1: 25000.00 KZT; seed-путей 3.
100000000490383100,consolidator,0.606556,5,0.683153,Признаки консолидации. Вход 3: 62600.00 KZT; выход 8: 461375.00 KZT; seed-путей 3.
100000008722417100,peripheral,0.200000,6,0.682431,Нет специфической роли. Вход 1: 331900.00 KZT; выход 3: 720000.00 KZT; seed-путей 3.
100000008761219100,peripheral,0.200000,46,0.682381,Нет специфической роли. Вход 2: 50000.00 KZT; выход 2: 375000.00 KZT; seed-путей 4.
100000000667713100,distributor,0.367896,5,0.681548,Признаки распределения. Вход 2: 119495.00 KZT; выход 6: 79236.00 KZT; seed-путей 3.
100000002205022100,peripheral,0.200000,54,0.680660,Нет специфической роли. Вход 1: 7100.00 KZT; выход 3: 518000.00 KZT; seed-путей 4.
100000000089154100,distributor,0.753170,1,0.680408,Признаки распределения. Вход 1: 10000.00 KZT; выход 15: 425500.00 KZT; seed-путей 1.
100000001330685100,consolidator,0.717503,6,0.679726,Признаки консолидации. Вход 3: 2435923.00 KZT; выход 1: 100500.00 KZT; seed-путей 3.
100000002894076100,terminal,0.650000,7,0.679265,Наблюдаемый конец маршрута. Вход 4: 1122782.00 KZT; выход 0: 0.00 KZT; seed-путей 7.
100000002398779100,consolidator,0.994220,1,0.678954,Признаки консолидации. Вход 13: 1095690.00 KZT; выход 1: 66000.00 KZT; seed-путей 5.
100000001072022100,terminal,0.650000,3,0.678214,Наблюдаемый конец маршрута. Вход 3: 1684000.00 KZT; выход 0: 0.00 KZT; seed-путей 5.
100000003366154100,peripheral,0.200000,3,0.677086,Нет специфической роли. Вход 1: 125000.00 KZT; выход 3: 289170.00 KZT; seed-путей 4.
100000003035737100,peripheral,0.200000,6,0.676025,Нет специфической роли. Вход 2: 809170.00 KZT; выход 1: 6544.53 KZT; seed-путей 3.
100000008620570100,peripheral,0.200000,4,0.675950,Нет специфической роли. Вход 2: 145000.00 KZT; выход 2: 31800.00 KZT; seed-путей 4.
100000004746397100,peripheral,0.200000,6,0.675502,Нет специфической роли. Вход 1: 219520.00 KZT; выход 1: 7500.00 KZT; seed-путей 3.
100000005124479100,peripheral,0.200000,1,0.674705,Нет специфической роли. Вход 2: 137753.00 KZT; выход 2: 22000.00 KZT; seed-путей 4.
100000001279272100,peripheral,0.200000,1,0.674512,Нет специфической роли. Вход 1: 250000.00 KZT; выход 2: 136758.00 KZT; seed-путей 1.
100000008188026100,peripheral,0.200000,16,0.672929,Нет специфической роли. Вход 2: 86468.00 KZT; выход 4: 337983.17 KZT; seed-путей 2.
100000004077081100,peripheral,0.200000,3,0.672733,Нет специфической роли. Вход 1: 140000.00 KZT; выход 4: 615000.00 KZT; seed-путей 3.
100000005610717100,consolidator,0.754941,1,0.671623,Признаки консолидации. Вход 4: 484500.00 KZT; выход 1: 265200.00 KZT; seed-путей 3.
100000003589877100,distributor,0.481441,10,0.671146,Признаки распределения. Вход 2: 176000.00 KZT; выход 6: 416129.00 KZT; seed-путей 2.
100000008324800100,transit,0.767915,70,0.670964,Признаки транзита. Вход 3: 526500.00 KZT; выход 1: 511000.00 KZT; seed-путей 3.
100000007382543100,consolidator,0.469339,28,0.670162,Признаки консолидации. Вход 3: 218000.00 KZT; выход 5: 427000.00 KZT; seed-путей 1.
100000003741418100,consolidator,0.933590,6,0.669560,Признаки консолидации. Вход 9: 151900.00 KZT; выход 3: 39920.00 KZT; seed-путей 3.
100000004707703100,transit,0.809113,5,0.668519,Признаки транзита. Вход 2: 239300.00 KZT; выход 5: 231650.00 KZT; seed-путей 2.
100000008389800100,distributor,0.510865,5,0.667995,Признаки распределения. Вход 3: 189000.00 KZT; выход 7: 401620.00 KZT; seed-путей 1.
100000002267998100,peripheral,0.200000,22,0.667367,Нет специфической роли. Вход 2: 420000.00 KZT; выход 3: 1115000.00 KZT; seed-путей 2.
100000008603331100,distributor,0.514870,10,0.666356,Признаки распределения. Вход 2: 39500.00 KZT; выход 6: 741774.00 KZT; seed-путей 1.
100000004076740100,consolidator,0.426728,33,0.663906,Признаки консолидации. Вход 3: 93250.00 KZT; выход 6: 125000.00 KZT; seed-путей 1.
100000004420041100,distributor,0.538530,11,0.663680,Признаки распределения. Вход 1: 69638.00 KZT; выход 7: 651830.00 KZT; seed-путей 1.
100000005079754100,peripheral,0.200000,3,0.663651,Нет специфической роли. Вход 1: 70000.00 KZT; выход 2: 122000.00 KZT; seed-путей 4.
100000006972210100,terminal,0.650000,9,0.662762,Наблюдаемый конец маршрута. Вход 3: 488775.00 KZT; выход 0: 0.00 KZT; seed-путей 7.
100000002849158100,consolidator,0.708097,9,0.661686,Признаки консолидации. Вход 3: 723000.00 KZT; выход 1: 1313000.00 KZT; seed-путей 3.
100000006069103100,consolidator,0.570926,53,0.661273,Признаки консолидации. Вход 3: 228818.00 KZT; выход 3: 270000.00 KZT; seed-путей 2.
100000008086440100,distributor,0.388617,1,0.658828,Признаки распределения. Вход 1: 199733.00 KZT; выход 5: 161300.00 KZT; seed-путей 2.
100000000910216100,peripheral,0.200000,3,0.658349,Нет специфической роли. Вход 1: 71000.00 KZT; выход 1: 52010.00 KZT; seed-путей 2.
100000008121806100,peripheral,0.200000,4,0.657928,Нет специфической роли. Вход 1: 67000.00 KZT; выход 4: 248509.00 KZT; seed-путей 1.
100000001526235100,distributor,0.546628,25,0.657621,Признаки распределения. Вход 3: 82000.00 KZT; выход 8: 432750.00 KZT; seed-путей 1.
100000002921047100,peripheral,0.200000,7,0.657422,Нет специфической роли. Вход 2: 338000.00 KZT; выход 1: 163000.02 KZT; seed-путей 3.
100000002939838100,terminal,0.650000,5,0.655662,Наблюдаемый конец маршрута. Вход 3: 571233.00 KZT; выход 0: 0.00 KZT; seed-путей 6.
100000001732159100,peripheral,0.200000,10,0.654838,Нет специфической роли. Вход 2: 2378100.00 KZT; выход 4: 1505966.00 KZT; seed-путей 3.
100000008379273100,transit,0.657874,8,0.653984,Признаки транзита. Вход 2: 36000.00 KZT; выход 4: 38000.00 KZT; seed-путей 2.
100000008587459100,peripheral,0.200000,1,0.652728,Нет специфической роли. Вход 2: 181507.00 KZT; выход 2: 686500.00 KZT; seed-путей 2.
100000002718366100,terminal,0.650000,9,0.652102,Наблюдаемый конец маршрута. Вход 6: 2525000.00 KZT; выход 0: 0.00 KZT; seed-путей 5.
100000004480280100,peripheral,0.200000,3,0.651345,Нет специфической роли. Вход 1: 146694.00 KZT; выход 2: 295850.00 KZT; seed-путей 4.
100000002963189100,distributor,0.605389,15,0.650915,Признаки распределения. Вход 1: 490000.00 KZT; выход 7: 5219000.00 KZT; seed-путей 1.
100000004140487100,distributor,0.568588,3,0.648603,Признаки распределения. Вход 1: 24510.00 KZT; выход 10: 262600.00 KZT; seed-путей 1.
100000005386383100,peripheral,0.200000,20,0.647683,Нет специфической роли. Вход 2: 37500.00 KZT; выход 1: 29000.00 KZT; seed-путей 4.
100000007864477100,distributor,0.436484,1,0.647413,Признаки распределения. Вход 2: 76000.00 KZT; выход 6: 203500.00 KZT; seed-путей 2.
100000005031696100,peripheral,0.200000,49,0.646334,Нет специфической роли. Вход 1: 5000.00 KZT; выход 2: 115000.00 KZT; seed-путей 4.
100000003249054100,consolidator,0.854901,3,0.644711,Признаки консолидации. Вход 7: 99700.00 KZT; выход 1: 15000.00 KZT; seed-путей 3.
100000000640800100,peripheral,0.200000,4,0.644170,Нет специфической роли. Вход 1: 80000.00 KZT; выход 4: 518135.00 KZT; seed-путей 1.
100000008213966100,consolidator,0.561293,28,0.643986,Признаки консолидации. Вход 3: 187004.00 KZT; выход 1: 436900.00 KZT; seed-путей 2.
100000008343874100,peripheral,0.200000,4,0.643834,Нет специфической роли. Вход 2: 283535.00 KZT; выход 2: 176400.00 KZT; seed-путей 2.
100000003873332100,peripheral,0.200000,19,0.643572,Нет специфической роли. Вход 1: 23468.00 KZT; выход 4: 286000.00 KZT; seed-путей 1.
100000000076451100,consolidator,0.622875,16,0.642891,Признаки консолидации. Вход 3: 87707.00 KZT; выход 4: 58000.00 KZT; seed-путей 3.
100000003111305100,terminal,0.650000,27,0.640069,Наблюдаемый конец маршрута. Вход 4: 509338.00 KZT; выход 0: 0.00 KZT; seed-путей 4.
100000003823811100,peripheral,0.200000,20,0.640021,Нет специфической роли. Вход 1: 30000.00 KZT; выход 3: 66130.00 KZT; seed-путей 3.
100000007998965100,consolidator,0.792039,8,0.639776,Признаки консолидации. Вход 5: 278000.00 KZT; выход 1: 26000.00 KZT; seed-путей 4.
100000008546855100,consolidator,0.782446,19,0.639270,Признаки консолидации. Вход 6: 71790.00 KZT; выход 2: 10000.00 KZT; seed-путей 3.
100000002773323100,peripheral,0.200000,10,0.639094,Нет специфической роли. Вход 2: 285000.00 KZT; выход 1: 1171644.00 KZT; seed-путей 3.
100000002901457100,peripheral,0.200000,1,0.638821,Нет специфической роли. Вход 1: 340000.00 KZT; выход 3: 119000.00 KZT; seed-путей 2.
100000008739887100,peripheral,0.200000,4,0.638278,Нет специфической роли. Вход 2: 214000.00 KZT; выход 2: 307000.00 KZT; seed-путей 2.
100000002121357100,peripheral,0.200000,10,0.637923,Нет специфической роли. Вход 2: 255300.00 KZT; выход 1: 113000.00 KZT; seed-путей 3.
100000000673868100,distributor,0.448559,30,0.637748,Признаки распределения. Вход 1: 2030650.00 KZT; выход 5: 383000.00 KZT; seed-путей 1.
100000001609499100,consolidator,0.577386,1,0.637339,Признаки консолидации. Вход 3: 263113.00 KZT; выход 2: 21000.00 KZT; seed-путей 2.
100000007129492100,peripheral,0.200000,12,0.637028,Нет специфической роли. Вход 2: 50990.00 KZT; выход 1: 37000.00 KZT; seed-путей 8.
100000002193259100,peripheral,0.200000,11,0.636736,Нет специфической роли. Вход 2: 48000.00 KZT; выход 3: 58000.00 KZT; seed-путей 4.
100000008438656100,peripheral,0.200000,3,0.635987,Нет специфической роли. Вход 2: 80000.00 KZT; выход 1: 5000.00 KZT; seed-путей 5.
100000004717647100,distributor,0.527522,43,0.635104,Признаки распределения. Вход 1: 300000.00 KZT; выход 5: 2240000.00 KZT; seed-путей 1.
100000004386258100,consolidator,0.605989,11,0.634092,Признаки консолидации. Вход 3: 61700.00 KZT; выход 3: 40000.00 KZT; seed-путей 3.
100000003718221100,peripheral,0.200000,22,0.634048,Нет специфической роли. Вход 2: 350000.00 KZT; выход 4: 423500.00 KZT; seed-путей 2.
100000004209339100,peripheral,0.200000,12,0.633152,Нет специфической роли. Вход 1: 138500.00 KZT; выход 2: 238500.00 KZT; seed-путей 4.
100000002957306100,terminal,0.650000,12,0.633105,Наблюдаемый конец маршрута. Вход 2: 398490.00 KZT; выход 0: 0.00 KZT; seed-путей 8.
100000000810551100,peripheral,0.200000,3,0.632657,Нет специфической роли. Вход 1: 100000.00 KZT; выход 1: 7100.00 KZT; seed-путей 4.
100000006844768100,peripheral,0.200000,1,0.632071,Нет специфической роли. Вход 1: 282000.00 KZT; выход 2: 188000.00 KZT; seed-путей 3.
100000008632060100,distributor,0.559337,1,0.631782,Признаки распределения. Вход 1: 6000.00 KZT; выход 9: 339200.00 KZT; seed-путей 1.
100000004450649100,peripheral,0.200000,6,0.630800,Нет специфической роли. Вход 2: 192528.00 KZT; выход 2: 46527.00 KZT; seed-путей 3.
100000001746925100,peripheral,0.200000,3,0.629712,Нет специфической роли. Вход 1: 65250.00 KZT; выход 1: 5000.00 KZT; seed-путей 4.
100000001584286100,terminal,0.650000,14,0.629393,Наблюдаемый конец маршрута. Вход 2: 738699.00 KZT; выход 0: 0.00 KZT; seed-путей 5.
100000004071080100,consolidator,0.854896,1,0.628308,Признаки консолидации. Вход 9: 238600.00 KZT; выход 2: 46500.00 KZT; seed-путей 2.
100000004315838100,peripheral,0.200000,3,0.628175,Нет специфической роли. Вход 2: 50000.00 KZT; выход 1: 18000.00 KZT; seed-путей 5.
100000000291906100,transit,0.391401,48,0.627845,Признаки транзита. Вход 2: 388000.00 KZT; выход 2: 455854.00 KZT; seed-путей 1.
100000002704875100,terminal,0.650000,4,0.627272,Наблюдаемый конец маршрута. Вход 3: 244891.00 KZT; выход 0: 0.00 KZT; seed-путей 5.
100000008258458100,peripheral,0.200000,63,0.625945,Нет специфической роли. Вход 1: 19000.00 KZT; выход 2: 1557988.00 KZT; seed-путей 2.
100000002941114100,peripheral,0.200000,12,0.624747,Нет специфической роли. Вход 2: 128510.00 KZT; выход 1: 15000.00 KZT; seed-путей 5.
100000003457710100,peripheral,0.200000,6,0.624655,Нет специфической роли. Вход 1: 326555.00 KZT; выход 1: 1306000.00 KZT; seed-путей 3.
100000007472293100,peripheral,0.200000,46,0.623885,Нет специфической роли. Вход 1: 5000.00 KZT; выход 3: 345900.00 KZT; seed-путей 3.
100000008555918100,peripheral,0.200000,3,0.623080,Нет специфической роли. Вход 1: 139211.00 KZT; выход 2: 43300.00 KZT; seed-путей 4.
100000001141268100,peripheral,0.200000,18,0.623069,Нет специфической роли. Вход 2: 480000.00 KZT; выход 1: 10000.00 KZT; seed-путей 3.
100000008650785100,peripheral,0.200000,5,0.621435,Нет специфической роли. Вход 2: 92000.00 KZT; выход 2: 120120.00 KZT; seed-путей 4.
100000003404627100,terminal,0.650000,10,0.620960,Наблюдаемый конец маршрута. Вход 4: 877700.00 KZT; выход 0: 0.00 KZT; seed-путей 5.
100000003154105100,distributor,0.498761,21,0.619548,Признаки распределения. Вход 1: 60000.00 KZT; выход 7: 338000.00 KZT; seed-путей 1.
100000000596954100,peripheral,0.200000,3,0.619446,Нет специфической роли. Вход 1: 120000.00 KZT; выход 2: 48100.00 KZT; seed-путей 4.
100000001253557100,terminal,0.650000,10,0.619335,Наблюдаемый конец маршрута. Вход 5: 210200.00 KZT; выход 0: 0.00 KZT; seed-путей 5.
100000003968044100,peripheral,0.200000,4,0.618877,Нет специфической роли. Вход 1: 40000.00 KZT; выход 3: 311000.00 KZT; seed-путей 2.
100000001222263100,peripheral,0.200000,6,0.618464,Нет специфической роли. Вход 1: 745570.00 KZT; выход 1: 420000.00 KZT; seed-путей 3.
100000001052945100,peripheral,0.200000,56,0.616979,Нет специфической роли. Вход 1: 56520.00 KZT; выход 3: 1595700.00 KZT; seed-путей 1.
100000002618492100,terminal,0.650000,12,0.616285,Наблюдаемый конец маршрута. Вход 2: 296500.00 KZT; выход 0: 0.00 KZT; seed-путей 6.
100000007898453100,peripheral,0.200000,3,0.616203,Нет специфической роли. Вход 1: 24750.00 KZT; выход 2: 320000.00 KZT; seed-путей 4.
100000004722765100,peripheral,0.200000,45,0.616025,Нет специфической роли. Вход 1: 230000.00 KZT; выход 3: 2284500.00 KZT; seed-путей 1.
100000002306369100,distributor,0.447435,3,0.615596,Признаки распределения. Вход 1: 73166.00 KZT; выход 6: 260900.00 KZT; seed-путей 1.
100000002645993100,distributor,0.344236,1,0.615264,Признаки распределения. Вход 2: 49650.00 KZT; выход 5: 86980.00 KZT; seed-путей 2.
100000007229557100,terminal,0.650000,18,0.614305,Наблюдаемый конец маршрута. Вход 3: 878000.00 KZT; выход 0: 0.00 KZT; seed-путей 4.
100000002356167100,peripheral,0.200000,6,0.613901,Нет специфической роли. Вход 1: 300000.00 KZT; выход 2: 29500.00 KZT; seed-путей 3.
100000001887715100,consolidator,0.614897,18,0.613371,Признаки консолидации. Вход 3: 1331500.00 KZT; выход 1: 750000.00 KZT; seed-путей 2.
100000002481974100,peripheral,0.200000,4,0.612914,Нет специфической роли. Вход 2: 89447.00 KZT; выход 2: 318000.00 KZT; seed-путей 2.
100000004424023100,peripheral,0.200000,7,0.612327,Нет специфической роли. Вход 1: 50000.00 KZT; выход 1: 100000.00 KZT; seed-путей 5.
100000003001661100,distributor,0.458357,28,0.610648,Признаки распределения. Вход 1: 110000.00 KZT; выход 5: 439500.00 KZT; seed-путей 1.
100000001660397100,transit,0.812964,1,0.610150,Признаки транзита. Вход 2: 48600.00 KZT; выход 3: 49000.00 KZT; seed-путей 1.
100000003178549100,peripheral,0.200000,17,0.609508,Нет специфической роли. Вход 2: 250000.00 KZT; выход 4: 89080.00 KZT; seed-путей 1.
100000003068941100,consolidator,0.627068,1,0.609265,Признаки консолидации. Вход 3: 94000.00 KZT; выход 1: 25000.00 KZT; seed-путей 3.
100000004017410100,distributor,0.507349,33,0.608988,Признаки распределения. Вход 2: 193650.00 KZT; выход 5: 1330915.00 KZT; seed-путей 1.
100000001066017100,peripheral,0.200000,1,0.607915,Нет специфической роли. Вход 2: 136123.00 KZT; выход 4: 82500.00 KZT; seed-путей 2.
100000004180097100,consolidator,0.435228,1,0.607761,Признаки консолидации. Вход 3: 104854.00 KZT; выход 3: 47800.00 KZT; seed-путей 1.
100000002369874100,terminal,0.650000,9,0.607720,Наблюдаемый конец маршрута. Вход 4: 600000.00 KZT; выход 0: 0.00 KZT; seed-путей 4.
100000002443664100,terminal,0.650000,14,0.606872,Наблюдаемый конец маршрута. Вход 3: 556880.00 KZT; выход 0: 0.00 KZT; seed-путей 4.
100000008169544100,peripheral,0.200000,5,0.606870,Нет специфической роли. Вход 1: 137104.00 KZT; выход 4: 42800.00 KZT; seed-путей 2.
100000005660203100,peripheral,0.200000,5,0.606438,Нет специфической роли. Вход 1: 572899.00 KZT; выход 2: 41000.00 KZT; seed-путей 3.
100000001987030100,peripheral,0.200000,16,0.605519,Нет специфической роли. Вход 2: 30864.00 KZT; выход 1: 19000.00 KZT; seed-путей 3.
100000002173161100,terminal,0.650000,5,0.603852,Наблюдаемый конец маршрута. Вход 3: 1427500.00 KZT; выход 0: 0.00 KZT; seed-путей 3.
100000000607941100,peripheral,0.200000,5,0.603734,Нет специфической роли. Вход 2: 50000.00 KZT; выход 1: 70000.00 KZT; seed-путей 3.
100000005505655100,peripheral,0.200000,25,0.603284,Нет специфической роли. Вход 2: 33070.00 KZT; выход 1: 20000.00 KZT; seed-путей 2.
100000001463701100,terminal,0.650000,12,0.602484,Наблюдаемый конец маршрута. Вход 2: 621000.00 KZT; выход 0: 0.00 KZT; seed-путей 5.
100000000706545100,consolidator,0.612630,5,0.602470,Признаки консолидации. Вход 3: 1070300.00 KZT; выход 1: 75800.00 KZT; seed-путей 2.
100000007511163100,peripheral,0.200000,5,0.601644,Нет специфической роли. Вход 2: 63666.00 KZT; выход 3: 82052.00 KZT; seed-путей 2.
100000003105929100,peripheral,0.200000,6,0.601641,Нет специфической роли. Вход 1: 429567.00 KZT; выход 1: 156354.00 KZT; seed-путей 3.
100000005539910100,peripheral,0.200000,3,0.601546,Нет специфической роли. Вход 1: 102000.00 KZT; выход 2: 22000.00 KZT; seed-путей 4.
100000003366471100,peripheral,0.200000,4,0.601299,Нет специфической роли. Вход 2: 329789.00 KZT; выход 1: 20000.00 KZT; seed-путей 2.
100000000913911100,peripheral,0.200000,3,0.601101,Нет специфической роли. Вход 2: 467000.00 KZT; выход 1: 600000.00 KZT; seed-путей 2.
100000005053653100,peripheral,0.200000,13,0.600942,Нет специфической роли. Вход 2: 63073.00 KZT; выход 1: 25000.00 KZT; seed-путей 4.
100000002156381100,peripheral,0.200000,12,0.600455,Нет специфической роли. Вход 2: 61000.00 KZT; выход 1: 21800.00 KZT; seed-путей 4.
100000002605308100,terminal,0.650000,15,0.597892,Наблюдаемый конец маршрута. Вход 3: 2569521.84 KZT; выход 0: 0.00 KZT; seed-путей 4.
100000006704530100,transit,0.702526,26,0.597586,Признаки транзита. Вход 1: 450500.00 KZT; выход 3: 428000.00 KZT; seed-путей 1.
100000008747113100,terminal,0.650000,6,0.596561,Наблюдаемый конец маршрута. Вход 2: 197801.00 KZT; выход 0: 0.00 KZT; seed-путей 5.
100000001317336100,peripheral,0.200000,31,0.596433,Нет специфической роли. Вход 1: 131196.00 KZT; выход 2: 1752000.00 KZT; seed-путей 1.
100000003158727100,terminal,0.650000,7,0.596260,Наблюдаемый конец маршрута. Вход 3: 367940.00 KZT; выход 0: 0.00 KZT; seed-путей 4.
100000005634552100,peripheral,0.200000,1,0.596234,Нет специфической роли. Вход 1: 25850.00 KZT; выход 3: 1196000.00 KZT; seed-путей 2.
100000006020215100,transit,0.372211,13,0.595669,Признаки транзита. Вход 1: 30000.00 KZT; выход 2: 33800.00 KZT; seed-путей 3.
100000001875239100,terminal,0.650000,9,0.595496,Наблюдаемый конец маршрута. Вход 3: 712000.00 KZT; выход 0: 0.00 KZT; seed-путей 4.
100000003157679100,terminal,0.650000,9,0.593645,Наблюдаемый конец маршрута. Вход 4: 541000.00 KZT; выход 0: 0.00 KZT; seed-путей 4.
100000007055802100,consolidator,0.885687,1,0.593557,Признаки консолидации. Вход 6: 2024999.00 KZT; выход 1: 605000.00 KZT; seed-путей 3.
100000008144528100,terminal,0.650000,5,0.593487,Наблюдаемый конец маршрута. Вход 5: 1068202.60 KZT; выход 0: 0.00 KZT; seed-путей 4.
100000002945626100,terminal,0.650000,9,0.592508,Наблюдаемый конец маршрута. Вход 3: 584000.00 KZT; выход 0: 0.00 KZT; seed-путей 4.
100000004715209100,distributor,0.443948,50,0.591736,Признаки распределения. Вход 1: 5000.00 KZT; выход 5: 350450.00 KZT; seed-путей 1.
100000002547110100,terminal,0.650000,10,0.590859,Наблюдаемый конец маршрута. Вход 6: 1500000.00 KZT; выход 0: 0.00 KZT; seed-путей 3.
100000002883402100,terminal,0.650000,9,0.590707,Наблюдаемый конец маршрута. Вход 3: 300000.00 KZT; выход 0: 0.00 KZT; seed-путей 4.
100000002592567100,peripheral,0.200000,5,0.590374,Нет специфической роли. Вход 1: 5297.00 KZT; выход 2: 48600.00 KZT; seed-путей 2.
100000005519998100,transit,0.862947,33,0.590367,Признаки транзита. Вход 3: 182000.00 KZT; выход 3: 188000.00 KZT; seed-путей 1.
100000008723830100,transit,0.823225,5,0.590077,Признаки транзита. Вход 2: 459785.00 KZT; выход 1: 455000.00 KZT; seed-путей 2.
100000004820260100,transit,0.594208,16,0.589797,Признаки транзита. Вход 1: 234200.00 KZT; выход 3: 215350.00 KZT; seed-путей 3.
100000005523088100,peripheral,0.200000,20,0.588449,Нет специфической роли. Вход 1: 700000.00 KZT; выход 0: 0.00 KZT; seed-путей 7.
100000005830339100,consolidator,0.710398,3,0.587862,Признаки консолидации. Вход 5: 476341.00 KZT; выход 1: 339251.00 KZT; seed-путей 2.
100000004877085100,peripheral,0.200000,13,0.587142,Нет специфической роли. Вход 1: 25000.00 KZT; выход 3: 95600.00 KZT; seed-путей 3.
100000005357705100,peripheral,0.200000,4,0.586982,Нет специфической роли. Вход 1: 52595.00 KZT; выход 4: 387080.00 KZT; seed-путей 1.
100000004544958100,peripheral,0.200000,12,0.586190,Нет специфической роли. Вход 1: 168000.00 KZT; выход 2: 23200.00 KZT; seed-путей 4.
100000001303311100,terminal,0.650000,18,0.586061,Наблюдаемый конец маршрута. Вход 5: 1324000.00 KZT; выход 0: 0.00 KZT; seed-путей 3.
100000004744306100,peripheral,0.200000,20,0.585854,Нет специфической роли. Вход 1: 69000.00 KZT; выход 2: 92000.00 KZT; seed-путей 3.
100000002870463100,consolidator,0.567753,7,0.585300,Признаки консолидации. Вход 3: 207000.00 KZT; выход 1: 10000.00 KZT; seed-путей 2.
100000000791285100,peripheral,0.200000,26,0.584911,Нет специфической роли. Вход 1: 1120000.00 KZT; выход 3: 650000.00 KZT; seed-путей 1.
100000001126374100,consolidator,0.616523,1,0.584505,Признаки консолидации. Вход 4: 182500.00 KZT; выход 2: 29200.00 KZT; seed-путей 2.
100000003134934100,terminal,0.650000,1,0.583947,Наблюдаемый конец маршрута. Вход 4: 379354.00 KZT; выход 0: 0.00 KZT; seed-путей 3.
100000004221668100,consolidator,0.569900,27,0.583072,Признаки консолидации. Вход 4: 1128300.00 KZT; выход 3: 731440.00 KZT; seed-путей 1.
100000007544358100,transit,0.587902,5,0.582002,Признаки транзита. Вход 2: 322500.00 KZT; выход 1: 350000.00 KZT; seed-путей 2.
100000002692750100,consolidator,0.638741,7,0.581760,Признаки консолидации. Вход 3: 112830.00 KZT; выход 1: 77000.00 KZT; seed-путей 3.
100000003031003100,terminal,0.650000,14,0.581483,Наблюдаемый конец маршрута. Вход 3: 280090.00 KZT; выход 0: 0.00 KZT; seed-путей 4.
100000001384826100,peripheral,0.200000,6,0.580914,Нет специфической роли. Вход 1: 364260.00 KZT; выход 1: 10000.00 KZT; seed-путей 3.
100000000288317100,peripheral,0.200000,1,0.580446,Нет специфической роли. Вход 2: 100000.00 KZT; выход 3: 53500.00 KZT; seed-путей 1.
100000003360542100,peripheral,0.200000,12,0.579200,Нет специфической роли. Вход 2: 317000.00 KZT; выход 2: 51800.00 KZT; seed-путей 9.
100000006169033100,peripheral,0.200000,40,0.578450,Нет специфической роли. Вход 1: 49000.00 KZT; выход 3: 1140271.00 KZT; seed-путей 1.
100000001637376100,peripheral,0.200000,6,0.577818,Нет специфической роли. Вход 1: 116700.00 KZT; выход 1: 234250.00 KZT; seed-путей 3.
100000005481280100,peripheral,0.200000,16,0.577734,Нет специфической роли. Вход 1: 32700.00 KZT; выход 3: 50000.00 KZT; seed-путей 3.
100000008192264100,transit,0.361243,6,0.577549,Признаки транзита. Вход 1: 162810.00 KZT; выход 1: 187910.00 KZT; seed-путей 3.
100000005432267100,terminal,0.650000,3,0.577325,Наблюдаемый конец маршрута. Вход 2: 350001.00 KZT; выход 0: 0.00 KZT; seed-путей 4.
100000008094734100,terminal,0.650000,1,0.576655,Наблюдаемый конец маршрута. Вход 4: 236249.00 KZT; выход 0: 0.00 KZT; seed-путей 4.
100000002793881100,terminal,0.650000,9,0.575550,Наблюдаемый конец маршрута. Вход 3: 785600.00 KZT; выход 0: 0.00 KZT; seed-путей 4.
100000001427082100,distributor,0.371326,21,0.575238,Признаки распределения. Вход 1: 5000.00 KZT; выход 5: 124900.00 KZT; seed-путей 2.
100000004183610100,peripheral,0.200000,13,0.574023,Нет специфической роли. Вход 1: 22000.00 KZT; выход 1: 915000.00 KZT; seed-путей 2.
100000004105288100,terminal,0.650000,3,0.572699,Наблюдаемый конец маршрута. Вход 2: 215000.00 KZT; выход 0: 0.00 KZT; seed-путей 8.
100000000724540100,peripheral,0.200000,18,0.572327,Нет специфической роли. Вход 1: 50000.00 KZT; выход 1: 100000.00 KZT; seed-путей 4.
100000006755850100,terminal,0.650000,6,0.571087,Наблюдаемый конец маршрута. Вход 1: 443475.80 KZT; выход 0: 0.00 KZT; seed-путей 9.
100000005264990100,peripheral,0.200000,20,0.570231,Нет специфической роли. Вход 1: 17070.00 KZT; выход 2: 122000.00 KZT; seed-путей 2.
100000005778283100,terminal,0.650000,7,0.569897,Наблюдаемый конец маршрута. Вход 3: 615760.00 KZT; выход 0: 0.00 KZT; seed-путей 4.
100000000583220100,peripheral,0.200000,66,0.569532,Нет специфической роли. Вход 1: 5000.00 KZT; выход 1: 761255.00 KZT; seed-путей 2.
100000004816564100,peripheral,0.200000,16,0.568801,Нет специфической роли. Вход 1: 285480.00 KZT; выход 1: 5000.00 KZT; seed-путей 3.
100000001924185100,terminal,0.650000,12,0.568408,Наблюдаемый конец маршрута. Вход 2: 151000.00 KZT; выход 0: 0.00 KZT; seed-путей 8.
100000005198906100,peripheral,0.200000,6,0.568397,Нет специфической роли. Вход 1: 227970.00 KZT; выход 1: 60000.00 KZT; seed-путей 3.
100000003321895100,peripheral,0.200000,61,0.568377,Нет специфической роли. Вход 1: 24000.00 KZT; выход 2: 553830.00 KZT; seed-путей 1.
100000007629096100,consolidator,0.768994,1,0.567632,Признаки консолидации. Вход 4: 1075170.00 KZT; выход 1: 765205.00 KZT; seed-путей 3.
100000002513028100,peripheral,0.200000,58,0.566779,Нет специфической роли. Вход 1: 9500.00 KZT; выход 3: 332709.00 KZT; seed-путей 1.
100000008293431100,distributor,0.429539,1,0.566372,Признаки распределения. Вход 1: 15000.00 KZT; выход 5: 297000.00 KZT; seed-путей 1.
100000003843844100,peripheral,0.200000,13,0.566061,Нет специфической роли. Вход 1: 16680.00 KZT; выход 1: 238000.00 KZT; seed-путей 3.
100000004587414100,terminal,0.650000,6,0.566040,Наблюдаемый конец маршрута. Вход 2: 533603.00 KZT; выход 0: 0.00 KZT; seed-путей 3.
100000004662806100,peripheral,0.200000,11,0.565733,Нет специфической роли. Вход 2: 106585.00 KZT; выход 2: 59900.00 KZT; seed-путей 2.
100000008566737100,terminal,0.650000,1,0.564920,Наблюдаемый конец маршрута. Вход 2: 230000.00 KZT; выход 0: 0.00 KZT; seed-путей 4.
100000001788284100,distributor,0.428386,25,0.564678,Признаки распределения. Вход 1: 8000.00 KZT; выход 5: 296700.00 KZT; seed-путей 1.
100000004004621100,terminal,0.650000,13,0.563238,Наблюдаемый конец маршрута. Вход 3: 75389.00 KZT; выход 0: 0.00 KZT; seed-путей 7.
100000004962193100,consolidator,0.992634,1,0.563103,Признаки консолидации. Вход 8: 900468.00 KZT; выход 0: 0.00 KZT; seed-путей 3.
100000001534244100,peripheral,0.200000,9,0.562351,Нет специфической роли. Вход 2: 366000.00 KZT; выход 1: 45000.00 KZT; seed-путей 2.
100000005375968100,peripheral,0.200000,1,0.562326,Нет специфической роли. Вход 1: 170082.00 KZT; выход 2: 86000.00 KZT; seed-путей 2.
100000001689968100,terminal,0.650000,6,0.561847,Наблюдаемый конец маршрута. Вход 3: 344333.75 KZT; выход 0: 0.00 KZT; seed-путей 3.
100000002433697100,transit,0.348496,6,0.559783,Признаки транзита. Вход 1: 130000.00 KZT; выход 1: 110000.00 KZT; seed-путей 3.
100000002480800100,terminal,0.650000,3,0.559658,Наблюдаемый конец маршрута. Вход 2: 569251.00 KZT; выход 0: 0.00 KZT; seed-путей 4.
100000002983879100,terminal,0.650000,3,0.558870,Наблюдаемый конец маршрута. Вход 2: 200050.00 KZT; выход 0: 0.00 KZT; seed-путей 4.
100000002670860100,terminal,0.650000,14,0.558812,Наблюдаемый конец маршрута. Вход 2: 450000.00 KZT; выход 0: 0.00 KZT; seed-путей 3.
100000008721637100,peripheral,0.200000,7,0.558797,Нет специфической роли. Вход 1: 24041.00 KZT; выход 2: 127000.00 KZT; seed-путей 1.
100000004330371100,peripheral,0.200000,5,0.555218,Нет специфической роли. Вход 2: 264171.00 KZT; выход 2: 90681.00 KZT; seed-путей 2.
100000002609774100,peripheral,0.200000,8,0.554718,Нет специфической роли. Вход 1: 7700.00 KZT; выход 1: 27500.00 KZT; seed-путей 2.
100000002713074100,peripheral,0.200000,17,0.554653,Нет специфической роли. Вход 2: 700000.00 KZT; выход 1: 430000.00 KZT; seed-путей 1.
100000003246024100,peripheral,0.200000,4,0.553911,Нет специфической роли. Вход 1: 25000.00 KZT; выход 1: 5000.00 KZT; seed-путей 2.
100000004019124100,consolidator,0.650000,5,0.553773,Признаки консолидации. Вход 3: 193000.00 KZT; выход 0: 0.00 KZT; seed-путей 5.
100000007311010100,peripheral,0.200000,3,0.553253,Нет специфической роли. Вход 2: 64480.00 KZT; выход 1: 20000.00 KZT; seed-путей 4.
100000002956769100,terminal,0.650000,14,0.551103,Наблюдаемый конец маршрута. Вход 3: 840000.00 KZT; выход 0: 0.00 KZT; seed-путей 3.
100000002593344100,terminal,0.650000,9,0.550762,Наблюдаемый конец маршрута. Вход 2: 431000.00 KZT; выход 0: 0.00 KZT; seed-путей 3.
100000002605548100,terminal,0.650000,12,0.550373,Наблюдаемый конец маршрута. Вход 2: 116695.00 KZT; выход 0: 0.00 KZT; seed-путей 6.
100000003014659100,terminal,0.450000,12,0.549149,Наблюдаемый конец маршрута. Вход 1: 280000.00 KZT; выход 0: 0.00 KZT; seed-путей 5.
100000001527186100,terminal,0.650000,3,0.547910,Наблюдаемый конец маршрута. Вход 1: 678000.00 KZT; выход 0: 0.00 KZT; seed-путей 4.
100000005584222100,peripheral,0.200000,1,0.547398,Нет специфической роли. Вход 2: 192717.00 KZT; выход 2: 108587.00 KZT; seed-путей 1.
100000005572303100,peripheral,0.200000,5,0.545933,Нет специфической роли. Вход 1: 75000.00 KZT; выход 1: 20000.00 KZT; seed-путей 3.
100000002603769100,terminal,0.650000,1,0.545510,Наблюдаемый конец маршрута. Вход 3: 1185368.00 KZT; выход 0: 0.00 KZT; seed-путей 3.
100000000267734100,distributor,0.483199,7,0.544949,Признаки распределения. Вход 2: 180000.00 KZT; выход 7: 282000.00 KZT; seed-путей 1.
100000000723383100,peripheral,0.200000,21,0.544239,Нет специфической роли. Вход 1: 6800.00 KZT; выход 2: 75000.00 KZT; seed-путей 1.
100000004670388100,peripheral,0.200000,48,0.543973,Нет специфической роли. Вход 1: 160354.00 KZT; выход 2: 720000.00 KZT; seed-путей 1.
100000004325327100,transit,0.755156,1,0.543657,Признаки транзита. Вход 2: 70817.00 KZT; выход 1: 70000.00 KZT; seed-путей 2.
100000004486525100,consolidator,0.970422,1,0.543019,Признаки консолидации. Вход 8: 360924.00 KZT; выход 2: 271045.00 KZT; seed-путей 3.
100000008647905100,peripheral,0.200000,19,0.542784,Нет специфической роли. Вход 1: 50000.00 KZT; выход 2: 344222.00 KZT; seed-путей 1.
100000008556318100,terminal,0.650000,3,0.542457,Наблюдаемый конец маршрута. Вход 2: 180132.00 KZT; выход 0: 0.00 KZT; seed-путей 5.
100000003190207100,peripheral,0.200000,20,0.542125,Нет специфической роли. Вход 1: 5000.00 KZT; выход 1: 377000.00 KZT; seed-путей 2.
100000004217419100,peripheral,0.200000,4,0.542038,Нет специфической роли. Вход 2: 118200.00 KZT; выход 1: 7700.00 KZT; seed-путей 2.
100000001363952100,peripheral,0.200000,4,0.541512,Нет специфической роли. Вход 2: 196655.00 KZT; выход 1: 91000.00 KZT; seed-путей 1.
100000003557488100,peripheral,0.200000,31,0.541281,Нет специфической роли. Вход 1: 664992.00 KZT; выход 2: 138000.00 KZT; seed-путей 1.
100000003582677100,peripheral,0.200000,3,0.540780,Нет специфической роли. Вход 2: 29756.99 KZT; выход 4: 56000.00 KZT; seed-путей 1.
100000002032323100,peripheral,0.200000,10,0.540618,Нет специфической роли. Вход 1: 300000.00 KZT; выход 1: 1050000.00 KZT; seed-путей 1.
100000000534581100,peripheral,0.200000,4,0.540595,Нет специфической роли. Вход 2: 55960.00 KZT; выход 1: 40000.00 KZT; seed-путей 3.
100000000733451100,peripheral,0.200000,13,0.540510,Нет специфической роли. Вход 1: 70000.00 KZT; выход 1: 300000.00 KZT; seed-путей 2.
100000008751380100,terminal,0.650000,9,0.539965,Наблюдаемый конец маршрута. Вход 2: 345780.00 KZT; выход 0: 0.00 KZT; seed-путей 4.
100000002596035100,terminal,0.450000,12,0.539324,Наблюдаемый конец маршрута. Вход 1: 231570.00 KZT; выход 0: 0.00 KZT; seed-путей 5.
100000002736316100,terminal,0.650000,1,0.536605,Наблюдаемый конец маршрута. Вход 3: 266921.00 KZT; выход 0: 0.00 KZT; seed-путей 3.
100000002565277100,terminal,0.450000,3,0.535932,Наблюдаемый конец маршрута. Вход 1: 483319.00 KZT; выход 0: 0.00 KZT; seed-путей 4.
100000008430691100,peripheral,0.200000,69,0.535911,Нет специфической роли. Вход 1: 20000.00 KZT; выход 2: 604900.00 KZT; seed-путей 1.
100000005493505100,consolidator,0.606216,13,0.535712,Признаки консолидации. Вход 3: 62020.00 KZT; выход 0: 0.00 KZT; seed-путей 6.
100000008232832100,peripheral,0.200000,10,0.535394,Нет специфической роли. Вход 1: 337000.00 KZT; выход 1: 138000.00 KZT; seed-путей 4.
100000005268319100,distributor,0.351153,1,0.535016,Признаки распределения. Вход 1: 19712.80 KZT; выход 5: 91000.00 KZT; seed-путей 1.
100000002472632100,peripheral,0.200000,25,0.535003,Нет специфической роли. Вход 2: 502400.00 KZT; выход 1: 20000.00 KZT; seed-путей 1.
100000000838385100,peripheral,0.200000,28,0.534955,Нет специфической роли. Вход 1: 436900.00 KZT; выход 2: 177500.00 KZT; seed-путей 1.
100000003831324100,terminal,0.650000,7,0.534493,Наблюдаемый конец маршрута. Вход 2: 300000.00 KZT; выход 0: 0.00 KZT; seed-путей 3.
100000002973903100,terminal,0.650000,11,0.534111,Наблюдаемый конец маршрута. Вход 3: 92880.00 KZT; выход 0: 0.00 KZT; seed-путей 4.
100000001073568100,peripheral,0.200000,15,0.533754,Нет специфической роли. Вход 1: 707465.00 KZT; выход 2: 219503.00 KZT; seed-путей 1.
100000007242833100,peripheral,0.200000,11,0.533538,Нет специфической роли. Вход 1: 107500.00 KZT; выход 1: 45000.00 KZT; seed-путей 3.
100000008473207100,terminal,0.650000,4,0.533536,Наблюдаемый конец маршрута. Вход 1: 202000.00 KZT; выход 0: 0.00 KZT; seed-путей 8.
100000001252290100,peripheral,0.200000,6,0.533087,Нет специфической роли. Вход 1: 141005.00 KZT; выход 1: 5000.00 KZT; seed-путей 3.
100000007617808100,terminal,0.450000,5,0.532702,Наблюдаемый конец маршрута. Вход 1: 450000.00 KZT; выход 0: 0.00 KZT; seed-путей 4.
100000003899899100,peripheral,0.200000,5,0.532473,Нет специфической роли. Вход 2: 218500.00 KZT; выход 1: 10000.00 KZT; seed-путей 2.
100000000656682100,transit,0.409783,1,0.532448,Признаки транзита. Вход 1: 71000.00 KZT; выход 2: 80000.00 KZT; seed-путей 2.
100000001538095100,terminal,0.650000,14,0.531794,Наблюдаемый конец маршрута. Вход 2: 280000.00 KZT; выход 0: 0.00 KZT; seed-путей 3.
100000001063678100,peripheral,0.200000,22,0.531722,Нет специфической роли. Вход 1: 35000.00 KZT; выход 2: 90000.00 KZT; seed-путей 2.
100000001346560100,peripheral,0.200000,4,0.531207,Нет специфической роли. Вход 2: 10000.00 KZT; выход 1: 22200.00 KZT; seed-путей 8.
100000004889043100,terminal,0.650000,1,0.531026,Наблюдаемый конец маршрута. Вход 2: 272000.00 KZT; выход 0: 0.00 KZT; seed-путей 3.
100000005475379100,peripheral,0.200000,12,0.530964,Нет специфической роли. Вход 1: 108370.00 KZT; выход 3: 81000.00 KZT; seed-путей 1.
100000002720627100,terminal,0.450000,12,0.530845,Наблюдаемый конец маршрута. Вход 1: 199300.00 KZT; выход 0: 0.00 KZT; seed-путей 5.
100000000764836100,peripheral,0.200000,4,0.530806,Нет специфической роли. Вход 1: 251716.00 KZT; выход 2: 50000.00 KZT; seed-путей 1.
100000001053894100,peripheral,0.200000,38,0.530791,Нет специфической роли. Вход 1: 2000000.00 KZT; выход 0: 0.00 KZT; seed-путей 3. Граница выгрузки.
100000004666651100,terminal,0.450000,65,0.529606,Наблюдаемый конец маршрута. Вход 1: 429250.00 KZT; выход 0: 0.00 KZT; seed-путей 4.
100000004388353100,terminal,0.650000,12,0.529262,Наблюдаемый конец маршрута. Вход 2: 62960.00 KZT; выход 0: 0.00 KZT; seed-путей 6.
100000008175078100,peripheral,0.200000,35,0.529041,Нет специфической роли. Вход 1: 1846711.00 KZT; выход 0: 0.00 KZT; seed-путей 3. Граница выгрузки.
100000006492770100,peripheral,0.200000,1,0.528532,Нет специфической роли. Вход 1: 269000.00 KZT; выход 1: 20000.00 KZT; seed-путей 2.
100000005882013100,peripheral,0.200000,13,0.528325,Нет специфической роли. Вход 2: 135000.00 KZT; выход 1: 10000.00 KZT; seed-путей 5.
100000003221510100,peripheral,0.200000,1,0.528275,Нет специфической роли. Вход 1: 24000.00 KZT; выход 2: 120000.00 KZT; seed-путей 2.
100000005140601100,consolidator,0.397716,4,0.527962,Признаки консолидации. Вход 3: 52685.00 KZT; выход 2: 195300.00 KZT; seed-путей 1.
100000001611488100,terminal,0.650000,6,0.527733,Наблюдаемый конец маршрута. Вход 2: 779300.00 KZT; выход 0: 0.00 KZT; seed-путей 3.
100000002224132100,consolidator,0.731137,23,0.527554,Признаки консолидации. Вход 5: 3951020.00 KZT; выход 4: 12115000.00 KZT; seed-путей 2.
100000002760175100,terminal,0.450000,12,0.527211,Наблюдаемый конец маршрута. Вход 1: 187410.00 KZT; выход 0: 0.00 KZT; seed-путей 5.
100000002188829100,terminal,0.450000,3,0.527184,Наблюдаемый конец маршрута. Вход 1: 400000.00 KZT; выход 0: 0.00 KZT; seed-путей 4.
100000003299365100,transit,0.833582,3,0.527184,Признаки транзита. Вход 1: 200000.00 KZT; выход 1: 200000.00 KZT; seed-путей 4.
100000002632742100,terminal,0.650000,10,0.525991,Наблюдаемый конец маршрута. Вход 2: 235500.00 KZT; выход 0: 0.00 KZT; seed-путей 3.
100000008314203100,peripheral,0.200000,10,0.525311,Нет специфической роли. Вход 2: 382076.00 KZT; выход 2: 327000.00 KZT; seed-путей 3.
100000008443341100,peripheral,0.200000,11,0.525285,Нет специфической роли. Вход 2: 34500.00 KZT; выход 3: 50000.00 KZT; seed-путей 1.
100000002679516100,terminal,0.650000,11,0.525088,Наблюдаемый конец маршрута. Вход 3: 102335.00 KZT; выход 0: 0.00 KZT; seed-путей 4.
100000002537811100,peripheral,0.200000,12,0.524413,Нет специфической роли. Вход 1: 52000.00 KZT; выход 1: 15000.00 KZT; seed-путей 4.
100000004475818100,peripheral,0.200000,6,0.523202,Нет специфической роли. Вход 1: 13000.00 KZT; выход 3: 53989.00 KZT; seed-путей 1.
100000004097972100,peripheral,0.200000,1,0.522892,Нет специфической роли. Вход 1: 118878.00 KZT; выход 2: 10000.00 KZT; seed-путей 2.
100000003220685100,peripheral,0.200000,6,0.522177,Нет специфической роли. Вход 1: 1306000.00 KZT; выход 0: 0.00 KZT; seed-путей 3. Граница выгрузки.
100000001884825100,terminal,0.650000,9,0.521822,Наблюдаемый конец маршрута. Вход 3: 495000.00 KZT; выход 0: 0.00 KZT; seed-путей 3.
100000004451012100,peripheral,0.200000,19,0.521408,Нет специфической роли. Вход 1: 91245.00 KZT; выход 3: 65740.00 KZT; seed-путей 1.
100000003131693100,terminal,0.450000,3,0.520589,Наблюдаемый конец маршрута. Вход 1: 353277.00 KZT; выход 0: 0.00 KZT; seed-путей 4.
100000005958064100,peripheral,0.200000,15,0.520392,Нет специфической роли. Вход 1: 5746.00 KZT; выход 2: 163986.84 KZT; seed-путей 2.
100000008759857100,peripheral,0.200000,18,0.520156,Нет специфической роли. Вход 1: 5000.00 KZT; выход 2: 994000.00 KZT; seed-путей 3.
100000002956898100,terminal,0.650000,16,0.519424,Наблюдаемый конец маршрута. Вход 2: 290240.00 KZT; выход 0: 0.00 KZT; seed-путей 3.
100000004603109100,consolidator,0.618070,23,0.519238,Признаки консолидации. Вход 3: 2730000.00 KZT; выход 2: 400000.00 KZT; seed-путей 2.
100000003406094100,peripheral,0.200000,5,0.519123,Нет специфической роли. Вход 1: 70000.00 KZT; выход 3: 47000.00 KZT; seed-путей 2.
100000002970466100,peripheral,0.200000,1,0.518719,Нет специфической роли. Вход 1: 23317.00 KZT; выход 2: 93000.00 KZT; seed-путей 2.
100000005756189100,peripheral,0.200000,6,0.518464,Нет специфической роли. Вход 1: 65000.00 KZT; выход 1: 49050.00 KZT; seed-путей 3.
100000002822472100,terminal,0.650000,14,0.518212,Наблюдаемый конец маршрута. Вход 2: 266722.00 KZT; выход 0: 0.00 KZT; seed-путей 3.
100000003097324100,terminal,0.650000,18,0.518151,Наблюдаемый конец маршрута. Вход 2: 294000.00 KZT; выход 0: 0.00 KZT; seed-путей 3.
100000001875167100,terminal,0.650000,6,0.517736,Наблюдаемый конец маршрута. Вход 1: 1000000.00 KZT; выход 0: 0.00 KZT; seed-путей 3.
100000002594214100,peripheral,0.200000,38,0.517736,Нет специфической роли. Вход 1: 1000000.00 KZT; выход 0: 0.00 KZT; seed-путей 3. Граница выгрузки.
100000008579978100,peripheral,0.200000,6,0.516984,Нет специфической роли. Вход 1: 34000.00 KZT; выход 1: 77000.00 KZT; seed-путей 3.
100000005507142100,consolidator,0.396130,36,0.516905,Признаки консолидации. Вход 3: 51000.00 KZT; выход 3: 100000.00 KZT; seed-путей 1.
100000003016438100,peripheral,0.200000,10,0.516661,Нет специфической роли. Вход 1: 200000.00 KZT; выход 1: 300000.00 KZT; seed-путей 1.
100000007281639100,terminal,0.650000,5,0.516339,Наблюдаемый конец маршрута. Вход 2: 216770.00 KZT; выход 0: 0.00 KZT; seed-путей 3.
100000005222360100,peripheral,0.200000,15,0.516315,Нет специфической роли. Вход 1: 5000.00 KZT; выход 1: 27000.00 KZT; seed-путей 1.
100000002836736100,terminal,0.650000,7,0.516024,Наблюдаемый конец маршрута. Вход 2: 509000.00 KZT; выход 0: 0.00 KZT; seed-путей 3.
100000007334196100,terminal,0.450000,12,0.514828,Наблюдаемый конец маршрута. Вход 1: 150002.00 KZT; выход 0: 0.00 KZT; seed-путей 5.
100000007181706100,terminal,0.650000,3,0.514557,Наблюдаемый конец маршрута. Вход 2: 176272.00 KZT; выход 0: 0.00 KZT; seed-путей 4.
100000004892144100,peripheral,0.200000,23,0.514247,Нет специфической роли. Вход 2: 4500000.00 KZT; выход 1: 180300.00 KZT; seed-путей 2.
100000004226848100,terminal,0.450000,3,0.513859,Наблюдаемый конец маршрута. Вход 1: 301866.00 KZT; выход 0: 0.00 KZT; seed-путей 4.
100000003037476100,consolidator,0.603337,9,0.513840,Признаки консолидации. Вход 3: 555000.00 KZT; выход 0: 0.00 KZT; seed-путей 2. Граница выгрузки.
100000007390016100,peripheral,0.200000,70,0.513832,Нет специфической роли. Вход 1: 511000.00 KZT; выход 1: 346500.00 KZT; seed-путей 3.
100000002991079100,peripheral,0.200000,5,0.513092,Нет специфической роли. Вход 2: 148900.00 KZT; выход 1: 11000.00 KZT; seed-путей 2.
100000003171006100,terminal,0.650000,9,0.512928,Наблюдаемый конец маршрута. Вход 2: 485000.00 KZT; выход 0: 0.00 KZT; seed-путей 3.
100000003215448100,peripheral,0.200000,4,0.512771,Нет специфической роли. Вход 1: 91309.00 KZT; выход 2: 124000.00 KZT; seed-путей 1.
100000000254336100,peripheral,0.200000,1,0.512688,Нет специфической роли. Вход 2: 97177.00 KZT; выход 1: 60000.00 KZT; seed-путей 2.
100000001929088100,terminal,0.650000,7,0.512381,Наблюдаемый конец маршрута. Вход 2: 396010.00 KZT; выход 0: 0.00 KZT; seed-путей 2.
100000004689658100,peripheral,0.200000,4,0.512085,Нет специфической роли. Вход 1: 456100.00 KZT; выход 1: 7092.00 KZT; seed-путей 1.
100000005668605100,consolidator,0.627408,20,0.511781,Признаки консолидации. Вход 3: 94500.00 KZT; выход 0: 0.00 KZT; seed-путей 7.
100000008708207100,terminal,0.650000,9,0.511448,Наблюдаемый конец маршрута. Вход 2: 465000.00 KZT; выход 0: 0.00 KZT; seed-путей 3.
100000003001564100,peripheral,0.200000,5,0.511439,Нет специфической роли. Вход 1: 23520.00 KZT; выход 1: 180000.00 KZT; seed-путей 2.
100000003104347100,peripheral,0.200000,22,0.510335,Нет специфической роли. Вход 1: 418000.00 KZT; выход 1: 32000.00 KZT; seed-путей 1.
100000008223661100,distributor,0.418012,10,0.510047,Признаки распределения. Вход 2: 202000.00 KZT; выход 5: 262580.00 KZT; seed-путей 2.
100000007170072100,transit,0.790564,4,0.508060,Признаки транзита. Вход 1: 100000.00 KZT; выход 2: 99500.00 KZT; seed-путей 1.
100000003254723100,terminal,0.650000,3,0.507668,Наблюдаемый конец маршрута. Вход 1: 269850.00 KZT; выход 0: 0.00 KZT; seed-путей 4.
100000001714173100,terminal,0.650000,18,0.506834,Наблюдаемый конец маршрута. Вход 1: 638905.00 KZT; выход 0: 0.00 KZT; seed-путей 3.
100000005815602100,peripheral,0.200000,5,0.504440,Нет специфической роли. Вход 1: 20000.00 KZT; выход 1: 165000.00 KZT; seed-путей 2.
100000002645609100,terminal,0.650000,1,0.504325,Наблюдаемый конец маршрута. Вход 4: 546820.68 KZT; выход 0: 0.00 KZT; seed-путей 2.
100000000291908100,peripheral,0.200000,48,0.504134,Нет специфической роли. Вход 1: 295500.00 KZT; выход 1: 13300.00 KZT; seed-путей 1.
100000004580202100,peripheral,0.200000,22,0.503575,Нет специфической роли. Вход 1: 9000.00 KZT; выход 3: 45000.00 KZT; seed-путей 2.
100000003062895100,terminal,0.650000,10,0.502903,Наблюдаемый конец маршрута. Вход 2: 328444.00 KZT; выход 0: 0.00 KZT; seed-путей 2.
100000005519347100,peripheral,0.200000,5,0.502815,Нет специфической роли. Вход 2: 73100.00 KZT; выход 1: 99000.00 KZT; seed-путей 4.
100000003834495100,consolidator,0.605604,1,0.502001,Признаки консолидации. Вход 3: 602441.00 KZT; выход 1: 20000.00 KZT; seed-путей 2.
100000002712416100,terminal,0.650000,14,0.501402,Наблюдаемый конец маршрута. Вход 2: 116800.00 KZT; выход 0: 0.00 KZT; seed-путей 4.
100000005616568100,peripheral,0.200000,6,0.501046,Нет специфической роли. Вход 1: 530000.00 KZT; выход 0: 0.00 KZT; seed-путей 3. Граница выгрузки.
100000004726132100,peripheral,0.200000,1,0.500645,Нет специфической роли. Вход 1: 349000.00 KZT; выход 1: 24000.00 KZT; seed-путей 1.
100000008088082100,peripheral,0.200000,13,0.500564,Нет специфической роли. Вход 1: 39138.00 KZT; выход 1: 50000.00 KZT; seed-путей 3.
100000002548759100,terminal,0.650000,9,0.500142,Наблюдаемый конец маршрута. Вход 2: 375000.00 KZT; выход 0: 0.00 KZT; seed-путей 3.
100000003221384100,terminal,0.450000,16,0.499701,Наблюдаемый конец маршрута. Вход 1: 511200.00 KZT; выход 0: 0.00 KZT; seed-путей 3.
100000008561016100,transit,0.743989,9,0.499568,Признаки транзита. Вход 1: 180000.00 KZT; выход 1: 185000.00 KZT; seed-путей 1.
100000004500444100,peripheral,0.200000,15,0.499068,Нет специфической роли. Вход 2: 180000.00 KZT; выход 1: 74000.00 KZT; seed-путей 1.
100000001904863100,terminal,0.450000,15,0.499028,Наблюдаемый конец маршрута. Вход 1: 500000.00 KZT; выход 0: 0.00 KZT; seed-путей 3.
100000004336312100,consolidator,0.425142,33,0.498616,Признаки консолидации. Вход 3: 90415.00 KZT; выход 2: 72650.00 KZT; seed-путей 1.
100000008038077100,terminal,0.650000,6,0.498085,Наблюдаемый конец маршрута. Вход 1: 499850.00 KZT; выход 0: 0.00 KZT; seed-путей 3.
100000008531133100,peripheral,0.200000,5,0.497300,Нет специфической роли. Вход 1: 25000.00 KZT; выход 3: 158271.68 KZT; seed-путей 1.
100000003116106100,terminal,0.650000,6,0.497278,Наблюдаемый конец маршрута. Вход 1: 494050.00 KZT; выход 0: 0.00 KZT; seed-путей 3.
100000004071444100,peripheral,0.200000,1,0.496607,Нет специфической роли. Вход 1: 247350.00 KZT; выход 1: 100000.00 KZT; seed-путей 1.
100000005317181100,peripheral,0.200000,1,0.495423,Нет специфической роли. Вход 1: 141250.00 KZT; выход 1: 14500.00 KZT; seed-путей 2.
100000000594783100,peripheral,0.200000,23,0.494290,Нет специфической роли. Вход 1: 2635000.00 KZT; выход 2: 152500.00 KZT; seed-путей 2.
100000000552584100,peripheral,0.200000,23,0.493483,Нет специфической роли. Вход 1: 2500000.00 KZT; выход 1: 57500.00 KZT; seed-путей 2.
100000008532050100,terminal,0.450000,6,0.493240,Наблюдаемый конец маршрута. Вход 1: 455156.00 KZT; выход 0: 0.00 KZT; seed-путей 3.
100000002469065100,terminal,0.450000,5,0.492998,Наблюдаемый конец маршрута. Вход 1: 200000.00 KZT; выход 0: 0.00 KZT; seed-путей 4.
100000003917461100,peripheral,0.200000,11,0.492327,Нет специфической роли. Вход 1: 10000.00 KZT; выход 2: 140000.00 KZT; seed-путей 2.
100000001411870100,terminal,0.650000,7,0.491905,Наблюдаемый конец маршрута. Вход 2: 900000.00 KZT; выход 0: 0.00 KZT; seed-путей 2.
100000007841978100,peripheral,0.200000,6,0.491894,Нет специфической роли. Вход 1: 449000.00 KZT; выход 0: 0.00 KZT; seed-путей 3. Граница выгрузки.
100000002459832100,terminal,0.650000,4,0.491367,Наблюдаемый конец маршрута. Вход 2: 880606.00 KZT; выход 0: 0.00 KZT; seed-путей 2.
100000008106997100,peripheral,0.200000,1,0.490987,Нет специфической роли. Вход 2: 35600.00 KZT; выход 1: 20600.00 KZT; seed-путей 2.
100000005897462100,terminal,0.450000,12,0.490602,Наблюдаемый конец маршрута. Вход 1: 98400.00 KZT; выход 0: 0.00 KZT; seed-путей 5.
100000004659919100,peripheral,0.200000,49,0.490577,Нет специфической роли. Вход 1: 110000.00 KZT; выход 1: 39000.00 KZT; seed-путей 2.
100000005664632100,terminal,0.650000,65,0.490575,Наблюдаемый конец маршрута. Вход 1: 198620.00 KZT; выход 0: 0.00 KZT; seed-путей 4.
100000002989353100,peripheral,0.200000,14,0.490507,Нет специфической роли. Вход 1: 500000.00 KZT; выход 2: 321160.00 KZT; seed-путей 2.
100000000979923100,terminal,0.450000,12,0.490333,Наблюдаемый конец маршрута. Вход 1: 97900.00 KZT; выход 0: 0.00 KZT; seed-путей 5.
100000005539201100,peripheral,0.200000,5,0.490273,Нет специфической роли. Вход 1: 45504.00 KZT; выход 1: 25000.00 KZT; seed-путей 2.
100000005133757100,terminal,0.650000,4,0.489229,Наблюдаемый конец маршрута. Вход 2: 65000.00 KZT; выход 0: 0.00 KZT; seed-путей 4.
100000005783452100,peripheral,0.200000,14,0.489105,Нет специфической роли. Вход 2: 286500.00 KZT; выход 0: 0.00 KZT; seed-путей 2. Граница выгрузки.
100000003985389100,peripheral,0.200000,4,0.489068,Нет специфической роли. Вход 1: 422698.00 KZT; выход 0: 0.00 KZT; seed-путей 3. Граница выгрузки.
100000008760098100,peripheral,0.200000,18,0.489066,Нет специфической роли. Вход 1: 7000.00 KZT; выход 1: 390000.00 KZT; seed-путей 3.
100000001222245100,peripheral,0.200000,6,0.488933,Нет специфической роли. Вход 1: 420000.00 KZT; выход 0: 0.00 KZT; seed-путей 3. Граница выгрузки.
100000002936322100,terminal,0.650000,4,0.488137,Наблюдаемый конец маршрута. Вход 2: 787133.00 KZT; выход 0: 0.00 KZT; seed-путей 2.
100000002578405100,distributor,0.986744,2,0.487443,Признаки распределения. Вход 2: 1200351.00 KZT; выход 116: 3108352.00 KZT; seed-путей 1.
100000008583360100,peripheral,0.200000,8,0.487186,Нет специфической роли. Вход 1: 112843.00 KZT; выход 1: 170000.00 KZT; seed-путей 1.
100000000821507100,terminal,0.450000,30,0.487184,Наблюдаемый конец маршрута. Вход 1: 400000.00 KZT; выход 0: 0.00 KZT; seed-путей 3.
100000008748408100,distributor,0.964841,7,0.486651,Признаки распределения. Вход 1: 360000.00 KZT; выход 21: 1499960.00 KZT; seed-путей 1.
100000001162560100,distributor,0.743862,9,0.486597,Признаки распределения. Вход 1: 331300.00 KZT; выход 12: 2904398.00 KZT; seed-путей 1.
100000002748180100,distributor,0.569683,14,0.486329,Признаки распределения. Вход 1: 9900.00 KZT; выход 8: 679743.00 KZT; seed-путей 1.
100000006445501100,terminal,0.450000,12,0.485622,Наблюдаемый конец маршрута. Вход 1: 91000.00 KZT; выход 0: 0.00 KZT; seed-путей 5.
100000001009583100,terminal,0.450000,6,0.485569,Наблюдаемый конец маршрута. Вход 1: 393740.00 KZT; выход 0: 0.00 KZT; seed-путей 3.
100000001703168100,peripheral,0.200000,3,0.485463,Нет специфической роли. Вход 1: 45000.00 KZT; выход 1: 90000.00 KZT; seed-путей 2.
100000001680944100,terminal,0.450000,18,0.485299,Наблюдаемый конец маршрута. Вход 1: 393000.00 KZT; выход 0: 0.00 KZT; seed-путей 3.
100000000489417100,transit,0.527321,13,0.484925,Признаки транзита. Вход 3: 73504.00 KZT; выход 1: 80000.00 KZT; seed-путей 2.
100000003025903100,peripheral,0.200000,6,0.484896,Нет специфической роли. Вход 1: 386300.00 KZT; выход 0: 0.00 KZT; seed-путей 3. Граница выгрузки.
100000004905207100,terminal,0.450000,15,0.484357,Наблюдаемый конец маршрута. Вход 1: 380000.00 KZT; выход 0: 0.00 KZT; seed-путей 3.
100000004114962100,terminal,0.650000,6,0.483593,Наблюдаемый конец маршрута. Вход 2: 165000.00 KZT; выход 0: 0.00 KZT; seed-путей 3.
100000005602999100,peripheral,0.200000,12,0.483375,Нет специфической роли. Вход 1: 5000.00 KZT; выход 2: 16000.00 KZT; seed-путей 4.
100000003204491100,peripheral,0.200000,1,0.483235,Нет специфической роли. Вход 1: 140000.00 KZT; выход 1: 100000.00 KZT; seed-путей 1.
100000005409156100,terminal,0.650000,6,0.482780,Наблюдаемый конец маршрута. Вход 2: 260080.00 KZT; выход 0: 0.00 KZT; seed-путей 3.
100000002152857100,distributor,0.502161,27,0.482526,Признаки распределения. Вход 1: 105000.00 KZT; выход 5: 1230000.00 KZT; seed-путей 1.
100000002126791100,peripheral,0.200000,9,0.482312,Нет специфической роли. Вход 1: 1313000.00 KZT; выход 0: 0.00 KZT; seed-путей 2. Граница выгрузки.
100000005409680100,peripheral,0.200000,19,0.481439,Нет специфической роли. Вход 2: 55060.00 KZT; выход 0: 0.00 KZT; seed-путей 4.
100000007797290100,peripheral,0.200000,1,0.481425,Нет специфической роли. Вход 1: 100000.00 KZT; выход 1: 20000.00 KZT; seed-путей 2.
100000004508696100,peripheral,0.200000,37,0.481006,Нет специфической роли. Вход 1: 7000.00 KZT; выход 3: 111000.00 KZT; seed-путей 1.
100000004398811100,peripheral,0.200000,3,0.480942,Нет специфической роли. Вход 1: 426000.00 KZT; выход 3: 1040672.00 KZT; seed-путей 1.
100000002621949100,terminal,0.450000,3,0.480481,Наблюдаемый конец маршрута. Вход 1: 164612.00 KZT; выход 0: 0.00 KZT; seed-путей 4.
100000001169666100,peripheral,0.200000,8,0.480456,Нет специфической роли. Вход 1: 220000.00 KZT; выход 1: 24000.00 KZT; seed-путей 1.
100000008295429100,terminal,0.450000,6,0.480454,Наблюдаемый конец маршрута. Вход 1: 352000.00 KZT; выход 0: 0.00 KZT; seed-путей 3.
100000005367284100,peripheral,0.200000,1,0.479689,Нет специфической роли. Вход 1: 13700.00 KZT; выход 2: 48300.00 KZT; seed-путей 2.
100000000041368100,terminal,0.450000,3,0.479135,Наблюдаемый конец маршрута. Вход 1: 160000.00 KZT; выход 0: 0.00 KZT; seed-путей 4.
100000004737477100,transit,0.214723,1,0.478906,Признаки транзита. Вход 2: 49598.00 KZT; выход 1: 40500.00 KZT; seed-путей 2.
100000002677201100,peripheral,0.200000,10,0.478706,Нет специфической роли. Вход 1: 150000.00 KZT; выход 1: 87750.00 KZT; seed-путей 1.
100000003923946100,peripheral,0.200000,7,0.478671,Нет специфической роли. Вход 1: 282000.00 KZT; выход 4: 675000.00 KZT; seed-путей 2.
100000005171642100,transit,0.804172,27,0.478136,Признаки транзита. Вход 2: 696800.00 KZT; выход 1: 683600.00 KZT; seed-путей 1.
100000008675322100,peripheral,0.200000,35,0.478032,Нет специфической роли. Вход 1: 340000.00 KZT; выход 0: 0.00 KZT; seed-путей 3. Граница выгрузки.
100000000795129100,terminal,0.450000,16,0.477089,Наблюдаемый конец маршрута. Вход 1: 332000.00 KZT; выход 0: 0.00 KZT; seed-путей 3.
100000008730371100,terminal,0.650000,1,0.476966,Наблюдаемый конец маршрута. Вход 2: 520000.00 KZT; выход 0: 0.00 KZT; seed-путей 2.
100000004340038100,peripheral,0.200000,13,0.476876,Нет специфической роли. Вход 1: 9978.00 KZT; выход 1: 49000.00 KZT; seed-путей 3.
100000006745291100,terminal,0.450000,12,0.476874,Наблюдаемый конец маршрута. Вход 1: 82534.00 KZT; выход 0: 0.00 KZT; seed-путей 5.
100000008655779100,peripheral,0.200000,28,0.476811,Нет специфической роли. Вход 1: 47000.00 KZT; выход 2: 24704.00 KZT; seed-путей 1.
100000006994985100,peripheral,0.200000,7,0.476741,Нет специфической роли. Вход 1: 48500.00 KZT; выход 1: 10200.00 KZT; seed-путей 3.
100000004756901100,terminal,0.450000,5,0.476443,Наблюдаемый конец маршрута. Вход 1: 153248.00 KZT; выход 0: 0.00 KZT; seed-путей 4.
100000008724461100,peripheral,0.200000,9,0.476418,Нет специфической роли. Вход 1: 100111.00 KZT; выход 1: 130000.00 KZT; seed-путей 1.
100000004591973100,peripheral,0.200000,11,0.476311,Нет специфической роли. Вход 1: 10000.00 KZT; выход 1: 100000.00 KZT; seed-путей 2.
100000008665380100,peripheral,0.200000,1,0.475945,Нет специфической роли. Вход 2: 69100.00 KZT; выход 1: 18200.00 KZT; seed-путей 2.
100000004417753100,terminal,0.650000,3,0.475872,Наблюдаемый конец маршрута. Вход 2: 192099.00 KZT; выход 0: 0.00 KZT; seed-путей 2.
100000003724440100,terminal,0.650000,3,0.475203,Наблюдаемый конец маршрута. Вход 2: 50000.00 KZT; выход 0: 0.00 KZT; seed-путей 4.
100000006530134100,terminal,0.650000,6,0.475196,Наблюдаемый конец маршрута. Вход 2: 144663.00 KZT; выход 0: 0.00 KZT; seed-путей 3.
100000000507799100,peripheral,0.200000,37,0.475171,Нет специфической роли. Вход 1: 5132.00 KZT; выход 1: 8000.00 KZT; seed-путей 2.
100000002697752100,terminal,0.650000,4,0.475016,Наблюдаемый конец маршрута. Вход 2: 190785.00 KZT; выход 0: 0.00 KZT; seed-путей 2.
100000003886323100,peripheral,0.200000,5,0.475003,Нет специфической роли. Вход 2: 78168.00 KZT; выход 1: 7650.00 KZT; seed-путей 2.
100000001697501100,distributor,0.963112,2,0.474918,Признаки распределения. Вход 3: 123700.00 KZT; выход 38: 1482606.00 KZT; seed-путей 1.
100000008244300100,terminal,0.650000,6,0.474699,Наблюдаемый конец маршрута. Вход 5: 65430.00 KZT; выход 0: 0.00 KZT; seed-путей 3.
100000004948177100,terminal,0.650000,5,0.474554,Наблюдаемый конец маршрута. Вход 3: 437163.00 KZT; выход 0: 0.00 KZT; seed-путей 2.
100000002696152100,peripheral,0.200000,12,0.474552,Нет специфической роли. Вход 1: 21800.00 KZT; выход 2: 69000.00 KZT; seed-путей 2.
100000001965374100,peripheral,0.200000,23,0.474516,Нет специфической роли. Вход 2: 1759720.00 KZT; выход 3: 3082100.00 KZT; seed-путей 1.
100000002185328100,peripheral,0.200000,21,0.474295,Нет специфической роли. Вход 1: 15000.00 KZT; выход 4: 55000.00 KZT; seed-путей 1.
100000002214301100,peripheral,0.200000,1,0.474294,Нет специфической роли. Вход 1: 21438.00 KZT; выход 1: 8000.00 KZT; seed-путей 1.
100000002556775100,terminal,0.450000,6,0.473321,Наблюдаемый конец маршрута. Вход 1: 300000.00 KZT; выход 0: 0.00 KZT; seed-путей 3.
100000002911170100,terminal,0.650000,30,0.473321,Наблюдаемый конец маршрута. Вход 1: 300000.00 KZT; выход 0: 0.00 KZT; seed-путей 3.
100000008536546100,terminal,0.650000,18,0.473165,Наблюдаемый конец маршрута. Вход 2: 250000.00 KZT; выход 0: 0.00 KZT; seed-путей 2.
100000001567366100,terminal,0.650000,5,0.473025,Наблюдаемый конец маршрута. Вход 1: 824070.00 KZT; выход 0: 0.00 KZT; seed-путей 2.
100000005911352100,peripheral,0.200000,37,0.472928,Нет специфической роли. Вход 2: 15000.00 KZT; выход 3: 24000.00 KZT; seed-путей 1.
100000004318918100,terminal,0.450000,12,0.472567,Наблюдаемый конец маршрута. Вход 1: 75600.00 KZT; выход 0: 0.00 KZT; seed-путей 5.
100000000274067100,peripheral,0.200000,7,0.472363,Нет специфической роли. Вход 2: 517704.00 KZT; выход 3: 2969000.00 KZT; seed-путей 1.
100000001140785100,terminal,0.650000,10,0.472148,Наблюдаемый конец маршрута. Вход 2: 215000.00 KZT; выход 0: 0.00 KZT; seed-путей 3.
100000002753146100,terminal,0.650000,14,0.471948,Наблюдаемый конец маршрута. Вход 1: 803540.00 KZT; выход 0: 0.00 KZT; seed-путей 2.
100000002722108100,terminal,0.650000,14,0.471679,Наблюдаемый конец маршрута. Вход 1: 800000.00 KZT; выход 0: 0.00 KZT; seed-путей 2.
100000002748761100,terminal,0.650000,14,0.471544,Наблюдаемый конец маршрута. Вход 1: 796800.00 KZT; выход 0: 0.00 KZT; seed-путей 2.
100000004186824100,peripheral,0.200000,5,0.470371,Нет специфической роли. Вход 2: 451700.00 KZT; выход 1: 7000.00 KZT; seed-путей 2.
100000001674850100,terminal,0.650000,10,0.469463,Наблюдаемый конец маршрута. Вход 2: 237000.00 KZT; выход 0: 0.00 KZT; seed-путей 2.
100000008722541100,peripheral,0.200000,6,0.469149,Нет специфической роли. Вход 1: 280000.00 KZT; выход 0: 0.00 KZT; seed-путей 3. Граница выгрузки.
100000004135268100,transit,0.351846,51,0.468729,Признаки транзита. Вход 2: 1239000.00 KZT; выход 3: 1000200.00 KZT; seed-путей 1.
100000002570206100,terminal,0.650000,17,0.468515,Наблюдаемый конец маршрута. Вход 2: 166959.60 KZT; выход 0: 0.00 KZT; seed-путей 2.
100000002731501100,distributor,0.548905,24,0.468471,Признаки распределения. Вход 3: 570370.00 KZT; выход 7: 833960.00 KZT; seed-путей 1.
100000003205210100,terminal,0.450000,3,0.468368,Наблюдаемый конец маршрута. Вход 1: 137563.00 KZT; выход 0: 0.00 KZT; seed-путей 4.
100000004917367100,terminal,0.650000,6,0.468297,Наблюдаемый конец маршрута. Вход 2: 120000.00 KZT; выход 0: 0.00 KZT; seed-путей 3.
100000002864256100,terminal,0.450000,3,0.467964,Наблюдаемый конец маршрута. Вход 1: 135780.00 KZT; выход 0: 0.00 KZT; seed-путей 4.
100000005857058100,terminal,0.650000,1,0.466960,Наблюдаемый конец маршрута. Вход 3: 80222.00 KZT; выход 0: 0.00 KZT; seed-путей 3.
100000002681449100,peripheral,0.200000,10,0.466747,Нет специфической роли. Вход 2: 94638.00 KZT; выход 2: 133000.00 KZT; seed-путей 1.
100000000941942100,terminal,0.450000,3,0.466618,Наблюдаемый конец маршрута. Вход 1: 130000.00 KZT; выход 0: 0.00 KZT; seed-путей 4.
100000008469048100,peripheral,0.200000,1,0.466592,Нет специфической роли. Вход 1: 265200.00 KZT; выход 0: 0.00 KZT; seed-путей 3. Граница выгрузки.
100000000933075100,peripheral,0.200000,11,0.466486,Нет специфической роли. Вход 1: 40000.00 KZT; выход 2: 55000.00 KZT; seed-путей 2.
100000007747786100,distributor,0.650000,7,0.466156,Признаки распределения. Вход 0: 0.00 KZT; выход 31: 4238009.40 KZT; seed-путей 0.
100000004368189100,peripheral,0.200000,14,0.466012,Нет специфической роли. Вход 1: 384600.00 KZT; выход 2: 28200.00 KZT; seed-путей 2.
100000003199390100,peripheral,0.200000,6,0.465919,Нет специфической роли. Вход 1: 260000.00 KZT; выход 0: 0.00 KZT; seed-путей 3. Граница выгрузки.
100000003022835100,terminal,0.450000,3,0.465273,Наблюдаемый конец маршрута. Вход 1: 125000.00 KZT; выход 0: 0.00 KZT; seed-путей 4.
100000003254277100,transit,0.510833,1,0.464736,Признаки транзита. Вход 1: 49200.00 KZT; выход 1: 44997.00 KZT; seed-путей 2.
100000001714413100,terminal,0.450000,6,0.464573,Наблюдаемый конец маршрута. Вход 1: 250172.00 KZT; выход 0: 0.00 KZT; seed-путей 3.
100000004160650100,distributor,0.664265,24,0.464005,Признаки распределения. Вход 2: 75100.00 KZT; выход 10: 1489827.00 KZT; seed-путей 1.
100000007865484100,peripheral,0.200000,39,0.463738,Нет специфической роли. Вход 1: 584600.00 KZT; выход 0: 0.00 KZT; seed-путей 2. Граница выгрузки.
100000008659950100,terminal,0.450000,10,0.463631,Наблюдаемый конец маршрута. Вход 1: 246000.00 KZT; выход 0: 0.00 KZT; seed-путей 3.
100000003149149100,terminal,0.450000,6,0.463092,Наблюдаемый конец маршрута. Вход 1: 245000.00 KZT; выход 0: 0.00 KZT; seed-путей 3.
100000005168487100,peripheral,0.200000,12,0.462715,Нет специфической роли. Вход 1: 15000.00 KZT; выход 1: 103510.00 KZT; seed-путей 4.
100000008223756100,terminal,0.650000,4,0.462598,Наблюдаемый конец маршрута. Вход 2: 331682.00 KZT; выход 0: 0.00 KZT; seed-путей 2.
100000008599354100,peripheral,0.200000,1,0.462507,Нет специфической роли. Вход 1: 177000.00 KZT; выход 1: 38200.00 KZT; seed-путей 2.
100000002762076100,peripheral,0.200000,7,0.462342,Нет специфической роли. Вход 2: 140350.00 KZT; выход 1: 30000.00 KZT; seed-путей 2.
100000002559089100,terminal,0.650000,14,0.462109,Наблюдаемый конец маршрута. Вход 2: 715000.00 KZT; выход 0: 0.00 KZT; seed-путей 1.
100000001439416100,peripheral,0.200000,1,0.462017,Нет специфической роли. Вход 1: 10000.00 KZT; выход 2: 165000.00 KZT; seed-путей 1.
100000008516839100,consolidator,0.650000,20,0.461929,Признаки консолидации. Вход 3: 155000.00 KZT; выход 0: 0.00 KZT; seed-путей 3.
100000006638021100,peripheral,0.200000,46,0.461892,Нет специфической роли. Вход 2: 388500.00 KZT; выход 0: 0.00 KZT; seed-путей 2. Граница выгрузки.
100000003131016100,peripheral,0.200000,4,0.461181,Нет специфической роли. Вход 1: 405700.00 KZT; выход 1: 126000.00 KZT; seed-путей 2.
100000008376785100,peripheral,0.200000,6,0.459862,Нет специфической роли. Вход 1: 234250.00 KZT; выход 0: 0.00 KZT; seed-путей 3. Граница выгрузки.
100000006564102100,terminal,0.450000,3,0.459727,Наблюдаемый конец маршрута. Вход 1: 233235.00 KZT; выход 0: 0.00 KZT; seed-путей 3.
100000002448088100,consolidator,0.433347,21,0.459235,Признаки консолидации. Вход 3: 20000.00 KZT; выход 1: 25000.00 KZT; seed-путей 2.
100000002109656100,terminal,0.450000,14,0.459028,Наблюдаемый конец маршрута. Вход 1: 500000.00 KZT; выход 0: 0.00 KZT; seed-путей 2.
100000002644285100,terminal,0.450000,14,0.459028,Наблюдаемый конец маршрута. Вход 1: 500000.00 KZT; выход 0: 0.00 KZT; seed-путей 2.
100000003163886100,terminal,0.450000,54,0.459028,Наблюдаемый конец маршрута. Вход 1: 500000.00 KZT; выход 0: 0.00 KZT; seed-путей 2.
100000000297649100,peripheral,0.200000,11,0.458812,Нет специфической роли. Вход 1: 40000.00 KZT; выход 1: 70600.00 KZT; seed-путей 4.
100000003050771100,terminal,0.450000,13,0.458247,Наблюдаемый конец маршрута. Вход 1: 229000.00 KZT; выход 0: 0.00 KZT; seed-путей 3.
100000003835149100,peripheral,0.200000,23,0.457924,Нет специфической роли. Вход 1: 248500.00 KZT; выход 2: 4600440.00 KZT; seed-путей 1.
100000008624978100,terminal,0.450000,18,0.457870,Наблюдаемый конец маршрута. Вход 1: 109000.00 KZT; выход 0: 0.00 KZT; seed-путей 4.
100000001650895100,peripheral,0.200000,8,0.457711,Нет специфической роли. Вход 1: 153500.00 KZT; выход 1: 10000.00 KZT; seed-путей 1.
100000008388049100,terminal,0.450000,14,0.457682,Наблюдаемый конец маршрута. Вход 1: 496400.00 KZT; выход 0: 0.00 KZT; seed-путей 2.
100000002958343100,peripheral,0.200000,7,0.456982,Нет специфической роли. Вход 1: 2900000.00 KZT; выход 2: 1390000.00 KZT; seed-путей 1.
100000004652395100,consolidator,0.634321,1,0.456943,Признаки консолидации. Вход 3: 101528.00 KZT; выход 0: 0.00 KZT; seed-путей 3. Граница выгрузки.
100000002733905100,consolidator,0.433641,2,0.456896,Признаки консолидации. Вход 3: 100000.00 KZT; выход 2: 717839.00 KZT; seed-путей 1.
100000003072205100,peripheral,0.200000,9,0.456401,Нет специфической роли. Вход 2: 163000.00 KZT; выход 0: 0.00 KZT; seed-путей 3. Граница выгрузки.
100000002670960100,terminal,0.450000,14,0.455663,Наблюдаемый конец маршрута. Вход 1: 480310.00 KZT; выход 0: 0.00 KZT; seed-путей 2.
100000002815005100,terminal,0.450000,9,0.455528,Наблюдаемый конец маршрута. Вход 1: 476500.00 KZT; выход 0: 0.00 KZT; seed-путей 2.
100000008200810100,terminal,0.450000,14,0.455394,Наблюдаемый конец маршрута. Вход 1: 475000.00 KZT; выход 0: 0.00 KZT; seed-путей 2.
100000008418835100,peripheral,0.200000,59,0.455389,Нет специфической роли. Вход 1: 1372000.00 KZT; выход 4: 186179.00 KZT; seed-путей 1.
100000008738526100,peripheral,0.200000,18,0.455288,Нет специфической роли. Вход 1: 15000.00 KZT; выход 1: 140000.00 KZT; seed-путей 1.
100000000976943100,transit,0.189767,12,0.454615,Признаки транзита. Вход 1: 70000.00 KZT; выход 1: 84000.00 KZT; seed-путей 1.
100000003964910100,terminal,0.650000,17,0.454463,Наблюдаемый конец маршрута. Вход 2: 1000000.00 KZT; выход 0: 0.00 KZT; seed-путей 1.
100000000998559100,terminal,0.450000,3,0.454236,Наблюдаемый конец маршрута. Вход 1: 100000.00 KZT; выход 0: 0.00 KZT; seed-путей 4.
100000003112436100,terminal,0.450000,5,0.454236,Наблюдаемый конец маршрута. Вход 1: 100000.00 KZT; выход 0: 0.00 KZT; seed-путей 4.
100000003321423100,terminal,0.650000,12,0.454236,Наблюдаемый конец маршрута. Вход 1: 100000.00 KZT; выход 0: 0.00 KZT; seed-путей 4.
100000008332511100,terminal,0.450000,7,0.454236,Наблюдаемый конец маршрута. Вход 1: 100000.00 KZT; выход 0: 0.00 KZT; seed-путей 4.
100000008472324100,terminal,0.450000,6,0.454075,Наблюдаемый конец маршрута. Вход 1: 205200.00 KZT; выход 0: 0.00 KZT; seed-путей 3.
100000005498992100,distributor,0.650000,9,0.453767,Признаки распределения. Вход 0: 0.00 KZT; выход 16: 2262868.00 KZT; seed-путей 0.
100000002755292100,terminal,0.450000,6,0.453671,Наблюдаемый конец маршрута. Вход 1: 203400.00 KZT; выход 0: 0.00 KZT; seed-путей 3.
100000004664905100,terminal,0.650000,5,0.453413,Наблюдаемый конец маршрута. Вход 2: 329020.00 KZT; выход 0: 0.00 KZT; seed-путей 2.
100000001184915100,terminal,0.650000,16,0.453267,Наблюдаемый конец маршрута. Вход 1: 201000.00 KZT; выход 0: 0.00 KZT; seed-путей 3.
100000003286537100,terminal,0.650000,9,0.453036,Наблюдаемый конец маршрута. Вход 2: 153000.00 KZT; выход 0: 0.00 KZT; seed-путей 3.
100000006567935100,terminal,0.450000,30,0.452998,Наблюдаемый конец маршрута. Вход 1: 200000.00 KZT; выход 0: 0.00 KZT; seed-путей 3.
100000000629812100,terminal,0.650000,54,0.452744,Наблюдаемый конец маршрута. Вход 2: 22000.00 KZT; выход 0: 0.00 KZT; seed-путей 6.
100000002445750100,peripheral,0.200000,1,0.452488,Нет специфической роли. Вход 1: 70000.00 KZT; выход 1: 10000.00 KZT; seed-путей 2.
100000006240939100,distributor,0.487752,27,0.451889,Признаки распределения. Вход 1: 160000.00 KZT; выход 5: 778015.00 KZT; seed-путей 1.
100000005075949100,peripheral,0.200000,45,0.451867,Нет специфической роли. Вход 1: 2226000.00 KZT; выход 0: 0.00 KZT; seed-путей 1. Граница выгрузки.
100000006446271100,terminal,0.650000,3,0.451582,Наблюдаемый конец маршрута. Вход 2: 80000.00 KZT; выход 0: 0.00 KZT; seed-путей 4.
100000003977183100,peripheral,0.200000,7,0.451502,Нет специфической роли. Вход 2: 123800.00 KZT; выход 4: 766000.00 KZT; seed-путей 1.
100000005820746100,peripheral,0.200000,23,0.451194,Нет специфической роли. Вход 1: 1989000.00 KZT; выход 1: 60000.00 KZT; seed-путей 1.
100000008568512100,terminal,0.450000,6,0.451114,Наблюдаемый конец маршрута. Вход 1: 199640.00 KZT; выход 0: 0.00 KZT; seed-путей 3.
100000001677929100,consolidator,0.442821,7,0.450914,Признаки консолидации. Вход 3: 126777.00 KZT; выход 2: 286098.00 KZT; seed-путей 1.
100000008736940100,consolidator,0.496538,41,0.450839,Признаки консолидации. Вход 3: 451090.00 KZT; выход 3: 182100.00 KZT; seed-путей 1.
100000001373265100,peripheral,0.200000,4,0.450443,Нет специфической роли. Вход 1: 142482.00 KZT; выход 1: 5000.00 KZT; seed-путей 1.
100000003152964100,peripheral,0.200000,4,0.450308,Нет специфической роли. Вход 1: 141847.00 KZT; выход 1: 5500.00 KZT; seed-путей 1.
100000002531406100,transit,0.740254,4,0.450243,Признаки транзита. Вход 1: 520000.00 KZT; выход 1: 500000.00 KZT; seed-путей 1.
100000008732488100,peripheral,0.200000,4,0.450039,Нет специфической роли. Вход 1: 137000.00 KZT; выход 1: 10000.00 KZT; seed-путей 1.
100000008468762100,terminal,0.650000,18,0.449370,Наблюдаемый конец маршрута. Вход 2: 170000.00 KZT; выход 0: 0.00 KZT; seed-путей 2.
100000008571443100,terminal,0.650000,13,0.449229,Наблюдаемый конец маршрута. Вход 2: 65000.00 KZT; выход 0: 0.00 KZT; seed-путей 3.
100000007982728100,distributor,0.611182,7,0.449153,Признаки распределения. Вход 0: 0.00 KZT; выход 8: 1804384.00 KZT; seed-путей 0.
100000002774456100,terminal,0.450000,12,0.449149,Наблюдаемый конец маршрута. Вход 1: 50363.00 KZT; выход 0: 0.00 KZT; seed-путей 5.
100000008517061100,peripheral,0.200000,15,0.448906,Нет специфической роли. Вход 1: 1844000.00 KZT; выход 0: 0.00 KZT; seed-путей 1. Граница выгрузки.
100000003031633100,terminal,0.650000,9,0.448530,Наблюдаемый конец маршрута. Вход 1: 414000.00 KZT; выход 0: 0.00 KZT; seed-путей 2.
100000000806727100,peripheral,0.200000,4,0.448476,Нет специфической роли. Вход 1: 45000.00 KZT; выход 1: 5000.00 KZT; seed-путей 8.
100000001232297100,peripheral,0.200000,13,0.448476,Нет специфической роли. Вход 1: 5000.00 KZT; выход 2: 45000.00 KZT; seed-путей 5.
100000003044431100,terminal,0.650000,3,0.448393,Наблюдаемый конец маршрута. Вход 2: 60000.00 KZT; выход 0: 0.00 KZT; seed-путей 3.
100000008238112100,terminal,0.450000,6,0.448287,Наблюдаемый конец маршрута. Вход 1: 190000.00 KZT; выход 0: 0.00 KZT; seed-путей 3.
100000008168850100,peripheral,0.200000,6,0.447480,Нет специфической роли. Вход 1: 187910.00 KZT; выход 0: 0.00 KZT; seed-путей 3. Граница выгрузки.
100000008551752100,peripheral,0.200000,39,0.447453,Нет специфической роли. Вход 1: 406000.00 KZT; выход 0: 0.00 KZT; seed-путей 2. Граница выгрузки.
100000001131403100,peripheral,0.200000,56,0.446349,Нет специфической роли. Вход 1: 1570000.00 KZT; выход 0: 0.00 KZT; seed-путей 1. Граница выгрузки.
100000001166289100,peripheral,0.200000,2,0.446253,Нет специфической роли. Вход 2: 721039.00 KZT; выход 1: 25000.00 KZT; seed-путей 1.
100000004358004100,distributor,0.650000,3,0.446216,Признаки распределения. Вход 0: 0.00 KZT; выход 11: 980850.00 KZT; seed-путей 0.
100000002527114100,distributor,0.650000,2,0.445612,Признаки распределения. Вход 3: 129000.00 KZT; выход 111: 3289249.00 KZT; seed-путей 0.
100000004235471100,peripheral,0.200000,6,0.445596,Нет специфической роли. Вход 1: 180000.00 KZT; выход 0: 0.00 KZT; seed-путей 3. Граница выгрузки.
100000008221543100,terminal,0.650000,17,0.445554,Наблюдаемый конец маршрута. Вход 2: 542000.00 KZT; выход 0: 0.00 KZT; seed-путей 1.
100000005664922100,peripheral,0.200000,23,0.445286,Нет специфической роли. Вход 2: 22000.00 KZT; выход 3: 537000.00 KZT; seed-путей 1.
100000004931931100,peripheral,0.200000,1,0.445086,Нет специфической роли. Вход 1: 23938.00 KZT; выход 1: 45000.00 KZT; seed-путей 2.
100000008680731100,distributor,0.650000,11,0.445060,Признаки распределения. Вход 0: 0.00 KZT; выход 27: 1464354.00 KZT; seed-путей 0.
100000007322059100,peripheral,0.200000,32,0.444706,Нет специфической роли. Вход 2: 29000.00 KZT; выход 1: 22500.00 KZT; seed-путей 1.
100000001138283100,peripheral,0.200000,4,0.444521,Нет специфической роли. Вход 1: 81805.00 KZT; выход 2: 50000.00 KZT; seed-путей 1.
100000007939160100,peripheral,0.200000,42,0.444052,Нет специфической роли. Вход 1: 795000.00 KZT; выход 2: 14300.00 KZT; seed-путей 1.
100000001872484100,peripheral,0.200000,55,0.443792,Нет специфической роли. Вход 1: 871400.00 KZT; выход 3: 514580.00 KZT; seed-путей 1.
100000002943472100,terminal,0.450000,10,0.443577,Наблюдаемый конец маршрута. Вход 1: 170000.00 KZT; выход 0: 0.00 KZT; seed-путей 3.
100000008193577100,distributor,0.462392,41,0.443426,Признаки распределения. Вход 2: 154300.00 KZT; выход 5: 480180.00 KZT; seed-путей 1.
100000004278574100,peripheral,0.200000,6,0.443229,Нет специфической роли. Вход 1: 25000.00 KZT; выход 1: 12500.00 KZT; seed-путей 3.
100000005942793100,terminal,0.650000,1,0.443079,Наблюдаемый конец маршрута. Вход 4: 55000.00 KZT; выход 0: 0.00 KZT; seed-путей 3.
100000005182219100,terminal,0.650000,6,0.442865,Наблюдаемый конец маршрута. Вход 2: 55000.00 KZT; выход 0: 0.00 KZT; seed-путей 3.
100000006165886100,peripheral,0.200000,1,0.442511,Нет специфической роли. Вход 2: 184481.00 KZT; выход 1: 75000.00 KZT; seed-путей 2.
100000004134060100,terminal,0.450000,18,0.442392,Наблюдаемый конец маршрута. Вход 1: 88179.00 KZT; выход 0: 0.00 KZT; seed-путей 4.
100000004993576100,terminal,0.450000,16,0.441962,Наблюдаемый конец маршрута. Вход 1: 167000.00 KZT; выход 0: 0.00 KZT; seed-путей 3.
100000002581346100,terminal,0.450000,6,0.441558,Наблюдаемый конец маршрута. Вход 1: 166400.00 KZT; выход 0: 0.00 KZT; seed-путей 3.
100000002884708100,peripheral,0.200000,10,0.440966,Нет специфической роли. Вход 1: 1171644.00 KZT; выход 0: 0.00 KZT; seed-путей 1. Граница выгрузки.
100000001227106100,terminal,0.450000,6,0.440616,Наблюдаемый конец маршрута. Вход 1: 164765.00 KZT; выход 0: 0.00 KZT; seed-путей 3.
100000004035925100,peripheral,0.200000,63,0.440024,Нет специфической роли. Вход 1: 1111588.00 KZT; выход 0: 0.00 KZT; seed-путей 1. Граница выгрузки.
100000005767403100,peripheral,0.200000,33,0.439889,Нет специфической роли. Вход 1: 1100000.00 KZT; выход 0: 0.00 KZT; seed-путей 1. Граница выгрузки.
100000002872399100,terminal,0.650000,7,0.439754,Наблюдаемый конец маршрута. Вход 1: 1090000.00 KZT; выход 0: 0.00 KZT; seed-путей 1.
100000005041905100,peripheral,0.200000,2,0.439620,Нет специфической роли. Вход 1: 5000.00 KZT; выход 1: 1080351.00 KZT; seed-путей 1.
100000005844459100,terminal,0.650000,1,0.439416,Наблюдаемый конец маршрута. Вход 2: 243400.00 KZT; выход 0: 0.00 KZT; seed-путей 2.
100000004356593100,peripheral,0.200000,3,0.439299,Нет специфической роли. Вход 1: 50000.00 KZT; выход 1: 10000.00 KZT; seed-путей 2.
100000002521039100,terminal,0.450000,1,0.439243,Наблюдаемый конец маршрута. Вход 1: 349370.00 KZT; выход 0: 0.00 KZT; seed-путей 2.
100000003484058100,peripheral,0.200000,15,0.439137,Нет специфической роли. Вход 1: 110000.00 KZT; выход 1: 6000.00 KZT; seed-путей 1.
100000002842321100,terminal,0.450000,6,0.439135,Наблюдаемый конец маршрута. Вход 1: 160000.00 KZT; выход 0: 0.00 KZT; seed-путей 3.
100000002529880100,terminal,0.650000,10,0.439120,Наблюдаемый конец маршрута. Вход 2: 147000.00 KZT; выход 0: 0.00 KZT; seed-путей 2.
100000002671326100,peripheral,0.200000,10,0.439081,Нет специфической роли. Вход 1: 1050000.00 KZT; выход 0: 0.00 KZT; seed-путей 1. Граница выгрузки.
100000002826669100,terminal,0.650000,1,0.438731,Наблюдаемый конец маршрута. Вход 1: 159900.00 KZT; выход 0: 0.00 KZT; seed-путей 3.
100000001285440100,terminal,0.650000,18,0.438469,Наблюдаемый конец маршрута. Вход 2: 243000.00 KZT; выход 0: 0.00 KZT; seed-путей 1.
100000008221765100,peripheral,0.200000,6,0.438059,Нет специфической роли. Вход 1: 156354.00 KZT; выход 0: 0.00 KZT; seed-путей 3. Граница выгрузки.
100000008751429100,consolidator,0.491098,41,0.438053,Признаки консолидации. Вход 3: 386200.00 KZT; выход 1: 72600.00 KZT; seed-путей 1.
100000003988112100,peripheral,0.200000,20,0.437924,Нет специфической роли. Вход 1: 92000.00 KZT; выход 1: 64000.00 KZT; seed-путей 3.
100000005042822100,peripheral,0.200000,31,0.437736,Нет специфической роли. Вход 1: 1000000.00 KZT; выход 0: 0.00 KZT; seed-путей 1. Граница выгрузки.
100000008728457100,terminal,0.450000,12,0.437574,Наблюдаемый конец маршрута. Вход 1: 45000.00 KZT; выход 0: 0.00 KZT; seed-путей 5.
100000004676985100,transit,0.266882,1,0.437145,Признаки транзита. Вход 1: 32260.00 KZT; выход 1: 27102.00 KZT; seed-путей 2.
100000002293421100,transit,0.393564,1,0.436483,Признаки транзита. Вход 2: 41000.00 KZT; выход 2: 47000.00 KZT; seed-путей 1.
100000001541418100,terminal,0.650000,9,0.436336,Наблюдаемый конец маршрута. Вход 2: 96900.00 KZT; выход 0: 0.00 KZT; seed-путей 2.
100000000557536100,peripheral,0.200000,35,0.436309,Нет специфической роли. Вход 1: 153000.00 KZT; выход 0: 0.00 KZT; seed-путей 3. Граница выгрузки.
100000000190228100,peripheral,0.200000,9,0.435961,Нет специфической роли. Вход 1: 5000.00 KZT; выход 1: 28560.00 KZT; seed-путей 3.
100000003718715100,peripheral,0.200000,13,0.435851,Нет специфической роли. Вход 1: 915000.00 KZT; выход 0: 0.00 KZT; seed-путей 1. Граница выгрузки.
100000004622227100,peripheral,0.200000,1,0.435840,Нет специфической роли. Вход 1: 24931.00 KZT; выход 3: 19000.00 KZT; seed-путей 1.
100000001362940100,terminal,0.450000,3,0.435394,Наблюдаемый конец маршрута. Вход 1: 81000.00 KZT; выход 0: 0.00 KZT; seed-путей 4.
100000004979498100,peripheral,0.200000,51,0.435178,Нет специфической роли. Вход 1: 700000.00 KZT; выход 1: 200000.00 KZT; seed-путей 1.
100000001445848100,peripheral,0.200000,34,0.434909,Нет специфической роли. Вход 1: 546000.00 KZT; выход 1: 351850.00 KZT; seed-путей 1.
100000001046626100,terminal,0.450000,6,0.434694,Наблюдаемый конец маршрута. Вход 1: 150000.00 KZT; выход 0: 0.00 KZT; seed-путей 3.
100000001961048100,terminal,0.450000,30,0.434694,Наблюдаемый конец маршрута. Вход 1: 150000.00 KZT; выход 0: 0.00 KZT; seed-путей 3.
100000002459240100,terminal,0.450000,6,0.434694,Наблюдаемый конец маршрута. Вход 1: 150000.00 KZT; выход 0: 0.00 KZT; seed-путей 3.
100000003089553100,terminal,0.450000,10,0.434694,Наблюдаемый конец маршрута. Вход 1: 150000.00 KZT; выход 0: 0.00 KZT; seed-путей 3.
100000003486970100,terminal,0.450000,6,0.434694,Наблюдаемый конец маршрута. Вход 1: 150000.00 KZT; выход 0: 0.00 KZT; seed-путей 3.
100000002958345100,terminal,0.450000,14,0.434532,Наблюдаемый конец маршрута. Вход 1: 307000.00 KZT; выход 0: 0.00 KZT; seed-путей 2.
100000002509598100,terminal,0.450000,14,0.434398,Наблюдаемый конец маршрута. Вход 1: 305550.00 KZT; выход 0: 0.00 KZT; seed-путей 2.
100000008193258100,peripheral,0.200000,17,0.433888,Нет специфической роли. Вход 1: 75000.00 KZT; выход 1: 30000.00 KZT; seed-путей 1.
100000001733687100,terminal,0.450000,9,0.433321,Наблюдаемый конец маршрута. Вход 1: 300000.00 KZT; выход 0: 0.00 KZT; seed-путей 2.
100000008427027100,terminal,0.450000,3,0.433321,Наблюдаемый конец маршрута. Вход 1: 300000.00 KZT; выход 0: 0.00 KZT; seed-путей 2.
100000008740295100,peripheral,0.200000,9,0.433321,Нет специфической роли. Вход 1: 300000.00 KZT; выход 0: 0.00 KZT; seed-путей 2. Граница выгрузки.
100000001380054100,peripheral,0.200000,29,0.433197,Нет специфической роли. Вход 2: 127050.00 KZT; выход 3: 360000.00 KZT; seed-путей 1.
100000005456919100,peripheral,0.200000,41,0.432794,Нет специфической роли. Вход 2: 479950.00 KZT; выход 1: 5000.00 KZT; seed-путей 1.
100000004399686100,terminal,0.650000,23,0.432083,Наблюдаемый конец маршрута. Вход 1: 806000.00 KZT; выход 0: 0.00 KZT; seed-путей 1.
100000008671929100,terminal,0.650000,3,0.432029,Наблюдаемый конец маршрута. Вход 1: 75000.00 KZT; выход 0: 0.00 KZT; seed-путей 4.
100000003180305100,peripheral,0.200000,1,0.431194,Нет специфической роли. Вход 1: 144000.00 KZT; выход 0: 0.00 KZT; seed-путей 3. Граница выгрузки.
100000002781227100,transit,0.564648,62,0.430530,Признаки транзита. Вход 2: 191167.62 KZT; выход 3: 212420.00 KZT; seed-путей 1.
100000004586598100,peripheral,0.200000,66,0.430468,Нет специфической роли. Вход 1: 761255.00 KZT; выход 0: 0.00 KZT; seed-путей 1. Граница выгрузки.
100000004657034100,terminal,0.450000,6,0.430252,Наблюдаемый конец маршрута. Вход 1: 141250.00 KZT; выход 0: 0.00 KZT; seed-путей 3.
100000003042994100,terminal,0.650000,5,0.430091,Наблюдаемый конец маршрута. Вход 1: 286086.00 KZT; выход 0: 0.00 KZT; seed-путей 2.
100000000733940100,peripheral,0.200000,31,0.430064,Нет специфической роли. Вход 1: 752000.00 KZT; выход 0: 0.00 KZT; seed-путей 1. Граница выгрузки.
100000002622822100,peripheral,0.200000,18,0.429929,Нет специфической роли. Вход 1: 750000.00 KZT; выход 0: 0.00 KZT; seed-путей 1. Граница выгрузки.
100000002878467100,terminal,0.650000,10,0.429725,Наблюдаемый конец маршрута. Вход 2: 200000.00 KZT; выход 0: 0.00 KZT; seed-путей 2.
100000004674799100,terminal,0.650000,1,0.429579,Наблюдаемый конец маршрута. Вход 1: 140000.00 KZT; выход 0: 0.00 KZT; seed-путей 3.
100000004559194100,terminal,0.650000,5,0.429418,Наблюдаемый конец маршрута. Вход 1: 282145.00 KZT; выход 0: 0.00 KZT; seed-путей 2.
100000001690558100,terminal,0.450000,19,0.429391,Наблюдаемый конец маршрута. Вход 1: 740000.00 KZT; выход 0: 0.00 KZT; seed-путей 1.
100000002666248100,terminal,0.450000,3,0.429337,Наблюдаемый конец маршрута. Вход 1: 70032.00 KZT; выход 0: 0.00 KZT; seed-путей 4.
100000000817146100,terminal,0.450000,5,0.429203,Наблюдаемый конец маршрута. Вход 1: 70020.00 KZT; выход 0: 0.00 KZT; seed-путей 4.
100000005308954100,peripheral,0.200000,5,0.428370,Нет специфической роли. Вход 1: 69020.00 KZT; выход 1: 30000.00 KZT; seed-путей 1.
100000002821425100,terminal,0.450000,14,0.428072,Наблюдаемый конец маршрута. Вход 1: 275000.00 KZT; выход 0: 0.00 KZT; seed-путей 2.
100000005183943100,terminal,0.650000,42,0.428045,Наблюдаемый конец маршрута. Вход 1: 680900.00 KZT; выход 0: 0.00 KZT; seed-путей 1.
100000008376089100,terminal,0.450000,30,0.427830,Наблюдаемый конец маршрута. Вход 1: 135000.00 KZT; выход 0: 0.00 KZT; seed-путей 3.
100000003284932100,terminal,0.450000,3,0.427722,Наблюдаемый конец маршрута. Вход 1: 69925.00 KZT; выход 0: 0.00 KZT; seed-путей 4.
100000001782980100,peripheral,0.200000,29,0.427238,Нет специфической роли. Вход 1: 50000.00 KZT; выход 1: 596200.00 KZT; seed-путей 1.
100000007034089100,peripheral,0.200000,9,0.427033,Нет специфической роли. Вход 2: 198000.00 KZT; выход 0: 0.00 KZT; seed-путей 2. Граница выгрузки.
100000004779204100,peripheral,0.200000,1,0.426916,Нет специфической роли. Вход 1: 30450.00 KZT; выход 1: 20000.00 KZT; seed-путей 2.
100000003631015100,peripheral,0.200000,39,0.426726,Нет специфической роли. Вход 1: 266000.00 KZT; выход 0: 0.00 KZT; seed-путей 2. Граница выгрузки.
100000006789108100,terminal,0.450000,12,0.425596,Наблюдаемый конец маршрута. Вход 1: 37500.00 KZT; выход 0: 0.00 KZT; seed-путей 5.
100000002454724100,terminal,0.650000,30,0.425273,Наблюдаемый конец маршрута. Вход 1: 125000.00 KZT; выход 0: 0.00 KZT; seed-путей 3.
100000008531186100,terminal,0.450000,3,0.425273,Наблюдаемый конец маршрута. Вход 1: 125000.00 KZT; выход 0: 0.00 KZT; seed-путей 3.
100000002799941100,terminal,0.450000,19,0.425084,Наблюдаемый конец маршрута. Вход 1: 600000.00 KZT; выход 0: 0.00 KZT; seed-путей 1.
100000004737764100,terminal,0.450000,3,0.425084,Наблюдаемый конец маршрута. Вход 1: 600000.00 KZT; выход 0: 0.00 KZT; seed-путей 1.
100000008497298100,terminal,0.450000,9,0.425084,Наблюдаемый конец маршрута. Вход 1: 600000.00 KZT; выход 0: 0.00 KZT; seed-путей 1.
100000008571433100,peripheral,0.200000,51,0.424826,Нет специфической роли. Вход 2: 350000.00 KZT; выход 2: 1434000.00 KZT; seed-путей 0.
100000000926078100,peripheral,0.200000,4,0.424438,Нет специфической роли. Вход 1: 250000.00 KZT; выход 0: 0.00 KZT; seed-путей 2. Граница выгрузки.
100000001056414100,terminal,0.450000,14,0.424438,Наблюдаемый конец маршрута. Вход 1: 250000.00 KZT; выход 0: 0.00 KZT; seed-путей 2.
100000003164661100,terminal,0.650000,29,0.424411,Наблюдаемый конец маршрута. Вход 1: 596200.00 KZT; выход 0: 0.00 KZT; seed-путей 1.
100000006852430100,terminal,0.450000,12,0.424384,Наблюдаемый конец маршрута. Вход 1: 37000.00 KZT; выход 0: 0.00 KZT; seed-путей 8.
100000001927599100,terminal,0.650000,8,0.424342,Наблюдаемый конец маршрута. Вход 2: 188000.00 KZT; выход 0: 0.00 KZT; seed-путей 2.
100000006756956100,peripheral,0.200000,1,0.424061,Нет специфической роли. Вход 1: 121200.00 KZT; выход 0: 0.00 KZT; seed-путей 3. Граница выгрузки.
100000007330432100,peripheral,0.200000,69,0.423873,Нет специфической роли. Вход 1: 584900.00 KZT; выход 0: 0.00 KZT; seed-путей 1. Граница выгрузки.
100000005175148100,peripheral,0.200000,16,0.423695,Нет специфической роли. Вход 2: 79000.00 KZT; выход 1: 15000.00 KZT; seed-путей 3.
100000005667841100,terminal,0.650000,10,0.423669,Наблюдаемый конец маршрута. Вход 2: 186000.00 KZT; выход 0: 0.00 KZT; seed-путей 2.
100000004976946100,peripheral,0.200000,39,0.423631,Нет специфической роли. Вход 1: 246000.00 KZT; выход 0: 0.00 KZT; seed-путей 2. Граница выгрузки.
100000005022552100,peripheral,0.200000,5,0.423631,Нет специфической роли. Вход 1: 241000.00 KZT; выход 1: 5000.00 KZT; seed-путей 2.
100000008775471100,terminal,0.650000,18,0.423469,Наблюдаемый конец маршрута. Вход 1: 580000.00 KZT; выход 0: 0.00 KZT; seed-путей 1.
100000004698193100,peripheral,0.200000,7,0.423132,Нет специфической роли. Вход 2: 222700.00 KZT; выход 3: 38000.00 KZT; seed-путей 1.
100000007953156100,peripheral,0.200000,15,0.422636,Нет специфической роли. Вход 1: 18000.00 KZT; выход 1: 10000.00 KZT; seed-путей 3.
100000008659445100,consolidator,0.346334,41,0.422414,Признаки консолидации. Вход 3: 138490.00 KZT; выход 4: 875150.00 KZT; seed-путей 0.
100000000580561100,peripheral,0.200000,42,0.422403,Нет специфической роли. Вход 2: 27980.00 KZT; выход 3: 1488077.00 KZT; seed-путей 0.
100000002459093100,peripheral,0.200000,27,0.422392,Нет специфической роли. Вход 1: 500000.00 KZT; выход 1: 55000.00 KZT; seed-путей 1.
100000000561160100,peripheral,0.200000,3,0.422150,Нет специфической роли. Вход 1: 240000.00 KZT; выход 0: 0.00 KZT; seed-путей 2. Граница выгрузки.
100000008486520100,peripheral,0.200000,5,0.422071,Нет специфической роли. Вход 1: 35720.00 KZT; выход 1: 14000.00 KZT; seed-путей 2.
100000004790991100,terminal,0.650000,5,0.421746,Наблюдаемый конец маршрута. Вход 1: 239413.00 KZT; выход 0: 0.00 KZT; seed-путей 2.
100000008205937100,terminal,0.650000,13,0.421692,Наблюдаемый конец маршрута. Вход 1: 35000.00 KZT; выход 0: 0.00 KZT; seed-путей 5.
100000003134474100,terminal,0.450000,6,0.421504,Наблюдаемый конец маршрута. Вход 1: 116000.00 KZT; выход 0: 0.00 KZT; seed-путей 3.
100000002975437100,peripheral,0.200000,31,0.421450,Нет специфической роли. Вход 1: 530000.00 KZT; выход 1: 8500.00 KZT; seed-путей 1.
100000005711521100,peripheral,0.200000,13,0.421208,Нет специфической роли. Вход 1: 238000.00 KZT; выход 0: 0.00 KZT; seed-путей 2. Граница выгрузки.
100000006111439100,consolidator,0.434140,6,0.420856,Признаки консолидации. Вход 3: 20570.00 KZT; выход 4: 24000.00 KZT; seed-путей 2.
100000003057225100,terminal,0.450000,5,0.420670,Наблюдаемый конец маршрута. Вход 1: 236000.00 KZT; выход 0: 0.00 KZT; seed-путей 2.
100000001831496100,peripheral,0.200000,12,0.420122,Нет специфической роли. Вход 1: 25000.00 KZT; выход 1: 373000.00 KZT; seed-путей 1.
100000008601794100,peripheral,0.200000,55,0.420115,Нет специфической роли. Вход 2: 494400.00 KZT; выход 1: 871400.00 KZT; seed-путей 0.
100000003616818100,consolidator,0.417775,24,0.419884,Признаки консолидации. Вход 3: 78000.00 KZT; выход 3: 240100.00 KZT; seed-путей 1.
100000003574895100,peripheral,0.200000,1,0.419783,Нет специфической роли. Вход 1: 27968.00 KZT; выход 1: 20000.00 KZT; seed-путей 2.
100000004007116100,consolidator,0.409117,24,0.419722,Признаки консолидации. Вход 3: 764704.00 KZT; выход 4: 148000.00 KZT; seed-путей 0.
100000003692843100,peripheral,0.200000,61,0.419566,Нет специфической роли. Вход 1: 510000.00 KZT; выход 0: 0.00 KZT; seed-путей 1. Граница выгрузки.
100000008514970100,peripheral,0.200000,4,0.419556,Нет специфической роли. Вход 1: 379966.00 KZT; выход 1: 31000.00 KZT; seed-путей 1.
100000003242795100,terminal,0.450000,6,0.419351,Наблюдаемый конец маршрута. Вход 1: 111000.00 KZT; выход 0: 0.00 KZT; seed-путей 3.
100000001669260100,peripheral,0.200000,4,0.419028,Нет специфической роли. Вход 1: 500000.00 KZT; выход 0: 0.00 KZT; seed-путей 1. Граница выгрузки.
100000001957974100,peripheral,0.200000,15,0.419028,Нет специфической роли. Вход 1: 500000.00 KZT; выход 0: 0.00 KZT; seed-путей 1. Граница выгрузки.
100000002242455100,peripheral,0.200000,6,0.418678,Нет специфической роли. Вход 1: 110000.00 KZT; выход 0: 0.00 KZT; seed-путей 3. Граница выгрузки.
100000000011452100,consolidator,0.438061,1,0.418123,Признаки консолидации. Вход 3: 110000.00 KZT; выход 1: 16685.00 KZT; seed-путей 1.
100000003739818100,terminal,0.450000,3,0.418032,Наблюдаемый конец маршрута. Вход 1: 57293.00 KZT; выход 0: 0.00 KZT; seed-путей 4.
100000002710570100,terminal,0.450000,31,0.417439,Наблюдаемый конец маршрута. Вход 1: 225015.00 KZT; выход 0: 0.00 KZT; seed-путей 2.
100000005745873100,peripheral,0.200000,39,0.417305,Нет специфической роли. Вход 1: 223000.00 KZT; выход 0: 0.00 KZT; seed-путей 2. Граница выгрузки.
100000002255058100,terminal,0.650000,3,0.417143,Наблюдаемый конец маршрута. Вход 1: 491500.00 KZT; выход 0: 0.00 KZT; seed-путей 1.
100000007357489100,peripheral,0.200000,9,0.417074,Нет специфической роли. Вход 2: 164500.00 KZT; выход 0: 0.00 KZT; seed-путей 2. Граница выгрузки.
100000003237045100,peripheral,0.200000,5,0.417009,Нет специфической роли. Вход 1: 340200.00 KZT; выход 1: 150000.00 KZT; seed-путей 1.
100000008757369100,peripheral,0.200000,1,0.416392,Нет специфической роли. Вход 1: 25961.00 KZT; выход 1: 58398.00 KZT; seed-путей 1.
100000003034546100,terminal,0.650000,9,0.416336,Наблюдаемый конец маршрута. Вход 1: 486715.00 KZT; выход 0: 0.00 KZT; seed-путей 1.
100000002575080100,transit,0.595395,16,0.416311,Признаки транзита. Вход 1: 13000.00 KZT; выход 1: 12500.00 KZT; seed-путей 3.
100000006532229100,terminal,0.450000,10,0.416255,Наблюдаемый конец маршрута. Вход 1: 105000.00 KZT; выход 0: 0.00 KZT; seed-путей 3.
100000003677936100,peripheral,0.200000,7,0.416122,Нет специфической роли. Вход 1: 71000.00 KZT; выход 1: 13000.00 KZT; seed-путей 1.
100000003760160100,terminal,0.450000,6,0.415851,Наблюдаемый конец маршрута. Вход 1: 104470.00 KZT; выход 0: 0.00 KZT; seed-путей 3.
100000005893892100,terminal,0.450000,6,0.415313,Наблюдаемый конец маршрута. Вход 1: 102780.00 KZT; выход 0: 0.00 KZT; seed-путей 3.
100000005037490100,peripheral,0.200000,13,0.415207,Нет специфической роли. Вход 1: 15000.00 KZT; выход 2: 30000.00 KZT; seed-путей 2.
100000002831727100,peripheral,0.200000,19,0.415180,Нет специфической роли. Вход 1: 6000.00 KZT; выход 1: 77000.00 KZT; seed-путей 1.
100000001554432100,terminal,0.450000,3,0.414398,Наблюдаемый конец маршрута. Вход 1: 53920.00 KZT; выход 0: 0.00 KZT; seed-путей 4.
100000002087788100,terminal,0.450000,6,0.414371,Наблюдаемый конец маршрута. Вход 1: 100500.00 KZT; выход 0: 0.00 KZT; seed-путей 3.
100000002958139100,terminal,0.650000,9,0.414344,Наблюдаемый конец маршрута. Вход 1: 209500.00 KZT; выход 0: 0.00 KZT; seed-путей 2.
100000002877262100,terminal,0.450000,10,0.414236,Наблюдаемый конец маршрута. Вход 1: 100000.00 KZT; выход 0: 0.00 KZT; seed-путей 3.
100000003647799100,terminal,0.450000,6,0.414236,Наблюдаемый конец маршрута. Вход 1: 100000.00 KZT; выход 0: 0.00 KZT; seed-путей 3.
100000008560263100,peripheral,0.200000,6,0.414236,Нет специфической роли. Вход 1: 100000.00 KZT; выход 0: 0.00 KZT; seed-путей 3. Граница выгрузки.
100000005530114100,peripheral,0.200000,17,0.414206,Нет специфической роли. Вход 2: 136970.00 KZT; выход 1: 25000.00 KZT; seed-путей 1.
100000003031761100,terminal,0.450000,4,0.414182,Наблюдаемый конец маршрута. Вход 1: 460408.00 KZT; выход 0: 0.00 KZT; seed-путей 1.
100000008576243100,terminal,0.650000,1,0.414140,Наблюдаемый конец маршрута. Вход 2: 82920.00 KZT; выход 0: 0.00 KZT; seed-путей 3.
100000006232642100,peripheral,0.200000,40,0.413375,Нет специфической роли. Вход 1: 456000.00 KZT; выход 0: 0.00 KZT; seed-путей 1. Граница выгрузки.
100000005614315100,terminal,0.450000,5,0.413106,Наблюдаемый конец маршрута. Вход 1: 455000.00 KZT; выход 0: 0.00 KZT; seed-путей 1.
100000003037660100,terminal,0.450000,3,0.413052,Наблюдаемый конец маршрута. Вход 1: 53000.00 KZT; выход 0: 0.00 KZT; seed-путей 4.
100000001960517100,terminal,0.450000,7,0.412998,Наблюдаемый конец маршрута. Вход 1: 200000.00 KZT; выход 0: 0.00 KZT; seed-путей 2.
100000002964966100,terminal,0.450000,3,0.412998,Наблюдаемый конец маршрута. Вход 1: 200000.00 KZT; выход 0: 0.00 KZT; seed-путей 2.
100000002371751100,peripheral,0.200000,60,0.412702,Нет специфической роли. Вход 1: 200000.00 KZT; выход 1: 250000.00 KZT; seed-путей 1.
100000003230328100,consolidator,0.553405,1,0.412143,Признаки консолидации. Вход 3: 26572.00 KZT; выход 0: 0.00 KZT; seed-путей 3. Граница выгрузки.
100000002922000100,peripheral,0.200000,43,0.411625,Нет специфической роли. Вход 1: 448000.00 KZT; выход 0: 0.00 KZT; seed-путей 1. Граница выгрузки.
100000002681544100,terminal,0.650000,7,0.411357,Наблюдаемый конец маршрута. Вход 2: 166072.00 KZT; выход 0: 0.00 KZT; seed-путей 1.
100000008619159100,peripheral,0.200000,63,0.411356,Нет специфической роли. Вход 1: 446400.00 KZT; выход 0: 0.00 KZT; seed-путей 1. Граница выгрузки.
100000003122817100,terminal,0.450000,26,0.411221,Наблюдаемый конец маршрута. Вход 1: 444680.00 KZT; выход 0: 0.00 KZT; seed-путей 1.
100000008555233100,terminal,0.450000,18,0.410683,Наблюдаемый конец маршрута. Вход 1: 440600.00 KZT; выход 0: 0.00 KZT; seed-путей 1.
100000002580377100,peripheral,0.200000,5,0.410631,Нет специфической роли. Вход 1: 37750.00 KZT; выход 1: 5000.00 KZT; seed-путей 2.
100000005049404100,peripheral,0.200000,6,0.410468,Нет специфической роли. Вход 1: 98000.00 KZT; выход 0: 0.00 KZT; seed-путей 3. Граница выгрузки.
100000005888829100,peripheral,0.200000,9,0.409902,Нет специфической роли. Вход 1: 197000.00 KZT; выход 0: 0.00 KZT; seed-путей 2. Граница выгрузки.
100000004644615100,peripheral,0.200000,8,0.409876,Нет специфической роли. Вход 1: 50810.00 KZT; выход 2: 379665.00 KZT; seed-путей 1.
100000007071852100,peripheral,0.200000,4,0.409768,Нет специфической роли. Вход 1: 195000.00 KZT; выход 0: 0.00 KZT; seed-путей 2. Граница выгрузки.
100000002686226100,peripheral,0.200000,17,0.409741,Нет специфической роли. Вход 1: 430000.00 KZT; выход 0: 0.00 KZT; seed-путей 1. Граница выгрузки.
100000008695157100,peripheral,0.200000,4,0.409472,Нет специфической роли. Вход 1: 425546.00 KZT; выход 0: 0.00 KZT; seed-путей 1. Граница выгрузки.
100000008352542100,terminal,0.450000,3,0.409014,Наблюдаемый конец маршрута. Вход 1: 50220.00 KZT; выход 0: 0.00 KZT; seed-путей 4.
100000001985793100,terminal,0.450000,27,0.408933,Наблюдаемый конец маршрута. Вход 1: 420000.00 KZT; выход 0: 0.00 KZT; seed-путей 1.
100000008050986100,peripheral,0.200000,6,0.408853,Нет специфической роли. Вход 1: 95000.00 KZT; выход 0: 0.00 KZT; seed-путей 3. Граница выгрузки.
100000001194266100,terminal,0.450000,3,0.408476,Наблюдаемый конец маршрута. Вход 1: 50000.00 KZT; выход 0: 0.00 KZT; seed-путей 4.
100000003476560100,terminal,0.450000,3,0.408476,Наблюдаемый конец маршрута. Вход 1: 50000.00 KZT; выход 0: 0.00 KZT; seed-путей 4.
100000006248077100,terminal,0.450000,5,0.408476,Наблюдаемый конец маршрута. Вход 1: 50000.00 KZT; выход 0: 0.00 KZT; seed-путей 4.
100000002933386100,peripheral,0.200000,3,0.408047,Нет специфической роли. Вход 1: 15000.00 KZT; выход 1: 58000.00 KZT; seed-путей 1.
100000002015633100,terminal,0.450000,6,0.408045,Наблюдаемый конец маршрута. Вход 1: 94970.00 KZT; выход 0: 0.00 KZT; seed-путей 3.
100000002956779100,terminal,0.450000,3,0.407991,Наблюдаемый конец маршрута. Вход 1: 411000.00 KZT; выход 0: 0.00 KZT; seed-путей 1.
100000007534354100,peripheral,0.200000,8,0.407947,Нет специфической роли. Вход 1: 50000.00 KZT; выход 3: 147810.00 KZT; seed-путей 1.
100000003795588100,terminal,0.650000,1,0.407184,Наблюдаемый конец маршрута. Вход 1: 400000.00 KZT; выход 0: 0.00 KZT; seed-путей 1.
100000006689603100,peripheral,0.200000,4,0.407184,Нет специфической роли. Вход 1: 400000.00 KZT; выход 0: 0.00 KZT; seed-путей 1. Граница выгрузки.
100000002508637100,peripheral,0.200000,4,0.406905,Нет специфической роли. Вход 1: 306410.00 KZT; выход 1: 8000.00 KZT; seed-путей 1.
100000001330595100,consolidator,0.422648,24,0.406694,Признаки консолидации. Вход 3: 87000.00 KZT; выход 1: 154000.00 KZT; seed-путей 1.
100000007591246100,peripheral,0.200000,13,0.405737,Нет специфической роли. Вход 1: 12190.00 KZT; выход 1: 120000.00 KZT; seed-путей 2.
100000004527381100,peripheral,0.200000,16,0.405434,Нет специфической роли. Вход 1: 119333.17 KZT; выход 1: 273866.11 KZT; seed-путей 1.
100000004750321100,terminal,0.650000,8,0.405092,Наблюдаемый конец маршрута. Вход 2: 50185.00 KZT; выход 0: 0.00 KZT; seed-путей 3.
100000008254576100,peripheral,0.200000,34,0.404951,Нет специфической роли. Вход 1: 8000.00 KZT; выход 1: 60000.00 KZT; seed-путей 1.
100000004588479100,terminal,0.650000,5,0.404923,Наблюдаемый конец маршрута. Вход 1: 177633.00 KZT; выход 0: 0.00 KZT; seed-путей 2.
100000007647294100,terminal,0.450000,34,0.404761,Наблюдаемый конец маршрута. Вход 1: 385000.00 KZT; выход 0: 0.00 KZT; seed-путей 1.
100000002606567100,peripheral,0.200000,1,0.404548,Нет специфической роли. Вход 1: 14095.00 KZT; выход 1: 53000.00 KZT; seed-путей 1.
100000002208836100,peripheral,0.200000,6,0.404411,Нет специфической роли. Вход 1: 90000.00 KZT; выход 0: 0.00 KZT; seed-путей 3. Граница выгрузки.
100000002284426100,terminal,0.650000,6,0.404411,Наблюдаемый конец маршрута. Вход 1: 90000.00 KZT; выход 0: 0.00 KZT; seed-путей 3.
100000002487222100,peripheral,0.200000,6,0.404411,Нет специфической роли. Вход 1: 90000.00 KZT; выход 0: 0.00 KZT; seed-путей 3. Граница выгрузки.
100000008634520100,terminal,0.450000,10,0.404411,Наблюдаемый конец маршрута. Вход 1: 90000.00 KZT; выход 0: 0.00 KZT; seed-путей 3.
100000000201868100,transit,0.831197,53,0.404357,Признаки транзита. Вход 1: 190000.00 KZT; выход 1: 190000.00 KZT; seed-путей 1.
100000003509750100,transit,0.787842,7,0.403762,Признаки транзита. Вход 3: 82290.00 KZT; выход 3: 78400.00 KZT; seed-путей 1.
100000001471706100,peripheral,0.200000,20,0.403684,Нет специфической роли. Вход 1: 377000.00 KZT; выход 0: 0.00 KZT; seed-путей 1. Граница выгрузки.
100000004386331100,transit,0.348299,11,0.403229,Признаки транзита. Вход 1: 20000.00 KZT; выход 2: 17500.00 KZT; seed-путей 2.
100000003292979100,terminal,0.450000,3,0.403227,Наблюдаемый конец маршрута. Вход 1: 48950.00 KZT; выход 0: 0.00 KZT; seed-путей 4.
100000003989033100,peripheral,0.200000,8,0.403146,Нет специфической роли. Вход 1: 373400.00 KZT; выход 0: 0.00 KZT; seed-путей 1. Граница выгрузки.
100000002904919100,peripheral,0.200000,1,0.403067,Нет специфической роли. Вход 1: 60325.00 KZT; выход 1: 5500.00 KZT; seed-путей 1.
100000007507343100,terminal,0.450000,51,0.402877,Наблюдаемый конец маршрута. Вход 1: 370000.00 KZT; выход 0: 0.00 KZT; seed-путей 1.
100000004193835100,peripheral,0.200000,5,0.402491,Нет специфической роли. Вход 1: 47000.00 KZT; выход 1: 5000.00 KZT; seed-путей 3.
100000003896956100,peripheral,0.200000,5,0.402017,Нет специфической роли. Вход 1: 10000.00 KZT; выход 1: 27000.00 KZT; seed-путей 2.
100000004975919100,peripheral,0.200000,4,0.402003,Нет специфической роли. Вход 1: 22351.00 KZT; выход 2: 15000.00 KZT; seed-путей 1.
100000004692798100,peripheral,0.200000,11,0.401838,Нет специфической роли. Вход 2: 240305.00 KZT; выход 1: 15000.00 KZT; seed-путей 1.
100000001065234100,peripheral,0.200000,16,0.401666,Нет специфической роли. Вход 1: 360000.00 KZT; выход 0: 0.00 KZT; seed-путей 1. Граница выгрузки.
100000008418934100,terminal,0.450000,9,0.401666,Наблюдаемый конец маршрута. Вход 1: 360000.00 KZT; выход 0: 0.00 KZT; seed-путей 1.
100000008720856100,peripheral,0.200000,6,0.401587,Нет специфической роли. Вход 1: 18105.00 KZT; выход 1: 46000.00 KZT; seed-путей 1.
100000003470579100,peripheral,0.200000,26,0.401262,Нет специфической роли. Вход 1: 357000.00 KZT; выход 0: 0.00 KZT; seed-путей 1. Граница выгрузки.
100000004331458100,terminal,0.650000,47,0.401165,Наблюдаемый конец маршрута. Вход 2: 250000.00 KZT; выход 0: 0.00 KZT; seed-путей 1.
100000003289405100,terminal,0.450000,3,0.400993,Наблюдаемый конец маршрута. Вход 1: 355000.00 KZT; выход 0: 0.00 KZT; seed-путей 1.
100000002611334100,peripheral,0.200000,1,0.400914,Нет специфической роли. Вход 1: 48288.00 KZT; выход 1: 15500.00 KZT; seed-путей 1.
100000002394199100,peripheral,0.200000,7,0.400723,Нет специфической роли. Вход 1: 277398.00 KZT; выход 1: 76777.00 KZT; seed-путей 1.
100000000860514100,peripheral,0.200000,25,0.400241,Нет специфической роли. Вход 1: 12000.00 KZT; выход 1: 50000.00 KZT; seed-путей 1.
100000002653948100,terminal,0.450000,6,0.400239,Наблюдаемый конец маршрута. Вход 1: 85200.00 KZT; выход 0: 0.00 KZT; seed-путей 3.
100000002947299100,terminal,0.450000,3,0.400104,Наблюдаемый конец маршрута. Вход 1: 85000.00 KZT; выход 0: 0.00 KZT; seed-путей 3.
100000008737514100,terminal,0.450000,16,0.400104,Наблюдаемый конец маршрута. Вход 1: 85000.00 KZT; выход 0: 0.00 KZT; seed-путей 3.
100000003798151100,terminal,0.650000,5,0.399647,Наблюдаемый конец маршрута. Вход 1: 350000.00 KZT; выход 0: 0.00 KZT; seed-путей 1.
100000004407753100,peripheral,0.200000,28,0.399647,Нет специфической роли. Вход 1: 250000.00 KZT; выход 1: 100000.00 KZT; seed-путей 1.
100000005316708100,peripheral,0.200000,7,0.399108,Нет специфической роли. Вход 1: 90000.00 KZT; выход 2: 257500.00 KZT; seed-путей 1.
100000002847207100,terminal,0.450000,3,0.398516,Наблюдаемый конец маршрута. Вход 1: 46243.00 KZT; выход 0: 0.00 KZT; seed-путей 4.
100000004722630100,peripheral,0.200000,48,0.398032,Нет специфической роли. Вход 1: 340000.00 KZT; выход 0: 0.00 KZT; seed-путей 1. Граница выгрузки.
100000003888197100,terminal,0.450000,6,0.397816,Наблюдаемый конец маршрута. Вход 1: 83167.00 KZT; выход 0: 0.00 KZT; seed-путей 3.
100000003664994100,peripheral,0.200000,40,0.397628,Нет специфической роли. Вход 1: 338271.00 KZT; выход 0: 0.00 KZT; seed-путей 1. Граница выгрузки.
100000001641951100,terminal,0.650000,4,0.397601,Наблюдаемый конец маршрута. Вход 1: 25000.00 KZT; выход 0: 0.00 KZT; seed-путей 8.
100000005799271100,terminal,0.650000,12,0.397574,Наблюдаемый конец маршрута. Вход 1: 45000.00 KZT; выход 0: 0.00 KZT; seed-путей 4.
100000000555721100,terminal,0.650000,1,0.397289,Наблюдаемый конец маршрута. Вход 2: 113000.00 KZT; выход 0: 0.00 KZT; seed-путей 2.
100000003054328100,peripheral,0.200000,14,0.397224,Нет специфической роли. Вход 1: 140000.00 KZT; выход 2: 193720.00 KZT; seed-путей 1.
100000008713270100,peripheral,0.200000,7,0.397118,Нет специфической роли. Вход 1: 30000.00 KZT; выход 3: 190000.00 KZT; seed-путей 1.
100000004408683100,terminal,0.650000,5,0.396885,Наблюдаемый конец маршрута. Вход 2: 112919.68 KZT; выход 0: 0.00 KZT; seed-путей 2.
100000008174521100,terminal,0.450000,5,0.396605,Наблюдаемый конец маршрута. Вход 1: 82110.00 KZT; выход 0: 0.00 KZT; seed-путей 3.
100000002738256100,transit,0.324531,51,0.396282,Признаки транзита. Вход 1: 150200.00 KZT; выход 1: 175000.00 KZT; seed-путей 1.
100000003920950100,terminal,0.450000,7,0.396147,Наблюдаемый конец маршрута. Вход 1: 323290.00 KZT; выход 0: 0.00 KZT; seed-путей 1.
100000000569479100,terminal,0.450000,1,0.396013,Наблюдаемый конец маршрута. Вход 1: 320000.00 KZT; выход 0: 0.00 KZT; seed-путей 1.
100000002633108100,terminal,0.650000,15,0.396013,Наблюдаемый конец маршрута. Вход 1: 320000.00 KZT; выход 0: 0.00 KZT; seed-путей 1.
100000003275398100,peripheral,0.200000,24,0.396013,Нет специфической роли. Вход 1: 300000.00 KZT; выход 1: 20000.00 KZT; seed-путей 1.
100000002432143100,terminal,0.450000,3,0.395797,Наблюдаемый конец маршрута. Вход 1: 81310.00 KZT; выход 0: 0.00 KZT; seed-путей 3.
100000003736419100,peripheral,0.200000,1,0.395692,Нет специфической роли. Вход 1: 23300.00 KZT; выход 1: 10000.00 KZT; seed-путей 2.
100000002373144100,peripheral,0.200000,1,0.395530,Нет специфической роли. Вход 1: 46468.00 KZT; выход 1: 10764.00 KZT; seed-путей 1.
100000003060517100,terminal,0.450000,17,0.395340,Наблюдаемый конец маршрута. Вход 1: 315955.00 KZT; выход 0: 0.00 KZT; seed-путей 1.
100000001329153100,terminal,0.450000,1,0.394963,Наблюдаемый конец маршрута. Вход 1: 150687.00 KZT; выход 0: 0.00 KZT; seed-путей 2.
100000003270419100,terminal,0.450000,13,0.394694,Наблюдаемый конец маршрута. Вход 1: 150000.00 KZT; выход 0: 0.00 KZT; seed-путей 2.
100000008335401100,terminal,0.650000,8,0.394694,Наблюдаемый конец маршрута. Вход 1: 150000.00 KZT; выход 0: 0.00 KZT; seed-путей 2.
100000003447411100,peripheral,0.200000,4,0.393994,Нет специфической роли. Вход 1: 302000.00 KZT; выход 0: 0.00 KZT; seed-путей 1. Граница выгрузки.
100000002119762100,peripheral,0.200000,6,0.393644,Нет специфической роли. Вход 1: 77000.00 KZT; выход 0: 0.00 KZT; seed-путей 3. Граница выгрузки.
100000004904960100,terminal,0.650000,1,0.393440,Наблюдаемый конец маршрута. Вход 2: 32000.00 KZT; выход 0: 0.00 KZT; seed-путей 4.
100000000375150100,peripheral,0.200000,13,0.393321,Нет специфической роли. Вход 1: 300000.00 KZT; выход 0: 0.00 KZT; seed-путей 1. Граница выгрузки.
100000001311175100,peripheral,0.200000,14,0.393321,Нет специфической роли. Вход 1: 300000.00 KZT; выход 0: 0.00 KZT; seed-путей 1. Граница выгрузки.
100000003128638100,peripheral,0.200000,9,0.393321,Нет специфической роли. Вход 1: 300000.00 KZT; выход 0: 0.00 KZT; seed-путей 1. Граница выгрузки.
100000004006327100,peripheral,0.200000,10,0.393321,Нет специфической роли. Вход 1: 300000.00 KZT; выход 0: 0.00 KZT; seed-путей 1. Граница выгрузки.
100000001835625100,terminal,0.450000,6,0.392164,Наблюдаемый конец маршрута. Вход 1: 75130.00 KZT; выход 0: 0.00 KZT; seed-путей 3.
100000002824176100,terminal,0.450000,7,0.391194,Наблюдаемый конец маршрута. Вход 1: 144000.00 KZT; выход 0: 0.00 KZT; seed-путей 2.
100000001954534100,peripheral,0.200000,1,0.390685,Нет специфической роли. Вход 1: 13000.00 KZT; выход 1: 40000.00 KZT; seed-путей 1.
100000000896111100,terminal,0.450000,23,0.390360,Наблюдаемый конец маршрута. Вход 1: 287100.00 KZT; выход 0: 0.00 KZT; seed-путей 1.
100000008237827100,terminal,0.450000,3,0.390037,Наблюдаемый конец маршрута. Вход 1: 40001.00 KZT; выход 0: 0.00 KZT; seed-путей 4.
100000002691583100,terminal,0.450000,26,0.389956,Наблюдаемый конец маршрута. Вход 1: 285200.00 KZT; выход 0: 0.00 KZT; seed-путей 1.
100000003003821100,terminal,0.450000,3,0.389902,Наблюдаемый конец маршрута. Вход 1: 40000.00 KZT; выход 0: 0.00 KZT; seed-путей 4.
100000003877908100,terminal,0.450000,3,0.389902,Наблюдаемый конец маршрута. Вход 1: 40000.00 KZT; выход 0: 0.00 KZT; seed-путей 4.
100000004509286100,terminal,0.450000,3,0.389902,Наблюдаемый конец маршрута. Вход 1: 40000.00 KZT; выход 0: 0.00 KZT; seed-путей 4.
100000001686328100,terminal,0.450000,9,0.389579,Наблюдаемый конец маршрута. Вход 1: 140000.00 KZT; выход 0: 0.00 KZT; seed-путей 2.
100000002596039100,peripheral,0.200000,4,0.389149,Нет специфической роли. Вход 1: 280000.00 KZT; выход 0: 0.00 KZT; seed-путей 1. Граница выгрузки.
100000004144536100,terminal,0.650000,24,0.389089,Наблюдаемый конец маршрута. Вход 4: 168000.00 KZT; выход 0: 0.00 KZT; seed-путей 1.
100000002968096100,peripheral,0.200000,4,0.389068,Нет специфической роли. Вход 1: 70000.00 KZT; выход 0: 0.00 KZT; seed-путей 3. Граница выгрузки.
100000003610172100,terminal,0.450000,6,0.389068,Наблюдаемый конец маршрута. Вход 1: 70000.00 KZT; выход 0: 0.00 KZT; seed-путей 3.
100000008349740100,peripheral,0.200000,35,0.389068,Нет специфической роли. Вход 1: 70000.00 KZT; выход 0: 0.00 KZT; seed-путей 3. Граница выгрузки.
100000002860934100,peripheral,0.200000,28,0.388610,Нет специфической роли. Вход 1: 279500.00 KZT; выход 0: 0.00 KZT; seed-путей 1. Граница выгрузки.
100000002492277100,terminal,0.450000,3,0.388503,Наблюдаемый конец маршрута. Вход 1: 138500.00 KZT; выход 0: 0.00 KZT; seed-путей 2.
100000002194320100,peripheral,0.200000,16,0.388072,Нет специфической роли. Вход 1: 275000.00 KZT; выход 0: 0.00 KZT; seed-путей 1. Граница выгрузки.
100000002663511100,terminal,0.450000,1,0.387534,Наблюдаемый конец маршрута. Вход 1: 268940.00 KZT; выход 0: 0.00 KZT; seed-путей 1.
100000001378288100,peripheral,0.200000,4,0.387399,Нет специфической роли. Вход 1: 268000.00 KZT; выход 0: 0.00 KZT; seed-путей 1. Граница выгрузки.
100000004005964100,consolidator,0.429448,24,0.387313,Признаки консолидации. Вход 3: 97900.00 KZT; выход 3: 72000.00 KZT; seed-путей 1.
100000005454368100,peripheral,0.200000,13,0.387306,Нет специфической роли. Вход 2: 48600.00 KZT; выход 0: 0.00 KZT; seed-путей 2.
100000002435265100,terminal,0.650000,1,0.387157,Наблюдаемый конец маршрута. Вход 1: 132628.00 KZT; выход 0: 0.00 KZT; seed-путей 2.
100000002633701100,terminal,0.450000,9,0.387130,Наблюдаемый конец маршрута. Вход 1: 266850.00 KZT; выход 0: 0.00 KZT; seed-путей 1.
100000003448713100,peripheral,0.200000,4,0.386995,Нет специфической роли. Вход 1: 266750.00 KZT; выход 0: 0.00 KZT; seed-путей 1. Граница выгрузки.
100000004200745100,peripheral,0.200000,11,0.386618,Нет специфической роли. Вход 1: 130000.00 KZT; выход 0: 0.00 KZT; seed-путей 2. Граница выгрузки.
100000005342513100,peripheral,0.200000,2,0.386457,Нет специфической роли. Вход 1: 235000.00 KZT; выход 1: 30000.00 KZT; seed-путей 1.
100000007274584100,terminal,0.450000,3,0.386403,Наблюдаемый конец маршрута. Вход 1: 38000.00 KZT; выход 0: 0.00 KZT; seed-путей 4.
100000001484381100,terminal,0.650000,8,0.385849,Наблюдаемый конец маршрута. Вход 2: 95585.00 KZT; выход 0: 0.00 KZT; seed-путей 2.
100000005034574100,terminal,0.650000,64,0.385649,Наблюдаемый конец маршрута. Вход 1: 258816.00 KZT; выход 0: 0.00 KZT; seed-путей 1.
100000002958286100,terminal,0.450000,9,0.385380,Наблюдаемый конец маршрута. Вход 1: 257000.00 KZT; выход 0: 0.00 KZT; seed-путей 1.
100000008306857100,terminal,0.450000,14,0.385273,Наблюдаемый конец маршрута. Вход 1: 125000.00 KZT; выход 0: 0.00 KZT; seed-путей 2.
100000000769919100,terminal,0.450000,60,0.384438,Наблюдаемый конец маршрута. Вход 1: 250000.00 KZT; выход 0: 0.00 KZT; seed-путей 1.
100000003163256100,transit,0.376123,5,0.383309,Признаки транзита. Вход 1: 13485.00 KZT; выход 1: 15000.00 KZT; seed-путей 2.
100000002796853100,peripheral,0.200000,62,0.383227,Нет специфической роли. Вход 1: 199000.00 KZT; выход 1: 46167.62 KZT; seed-путей 1.
100000001386612100,terminal,0.450000,20,0.383011,Наблюдаемый конец маршрута. Вход 1: 62264.00 KZT; выход 0: 0.00 KZT; seed-путей 3.
100000006714366100,peripheral,0.200000,13,0.382885,Нет специфической роли. Вход 1: 10500.00 KZT; выход 1: 5000.00 KZT; seed-путей 3.
100000001934935100,terminal,0.450000,1,0.382850,Наблюдаемый конец маршрута. Вход 1: 118935.00 KZT; выход 0: 0.00 KZT; seed-путей 2.
100000002890167100,terminal,0.450000,5,0.382581,Наблюдаемый конец маршрута. Вход 1: 118150.00 KZT; выход 0: 0.00 KZT; seed-путей 2.
100000004610802100,peripheral,0.200000,58,0.382419,Нет специфической роли. Вход 1: 241000.00 KZT; выход 0: 0.00 KZT; seed-путей 1. Граница выгрузки.
100000001633685100,terminal,0.650000,1,0.381849,Наблюдаемый конец маршрута. Вход 3: 45000.00 KZT; выход 0: 0.00 KZT; seed-путей 3.
100000003832231100,terminal,0.450000,3,0.381692,Наблюдаемый конец маршрута. Вход 1: 35000.00 KZT; выход 0: 0.00 KZT; seed-путей 4.
100000001816678100,peripheral,0.200000,3,0.381666,Нет специфической роли. Вход 1: 60000.00 KZT; выход 0: 0.00 KZT; seed-путей 3. Граница выгрузки.
100000004326224100,peripheral,0.200000,6,0.381666,Нет специфической роли. Вход 1: 60000.00 KZT; выход 0: 0.00 KZT; seed-путей 3. Граница выгрузки.
100000007131370100,transit,0.752211,16,0.381666,Признаки транзита. Вход 1: 30000.00 KZT; выход 1: 30000.00 KZT; seed-путей 3.
100000006534886100,peripheral,0.200000,5,0.381612,Нет специфической роли. Вход 1: 71700.00 KZT; выход 1: 167500.00 KZT; seed-путей 1.
100000008699083100,peripheral,0.200000,14,0.381343,Нет специфической роли. Вход 1: 238500.00 KZT; выход 0: 0.00 KZT; seed-путей 1. Граница выгрузки.
100000003975102100,peripheral,0.200000,5,0.381315,Нет специфической роли. Вход 1: 25650.00 KZT; выход 2: 88500.00 KZT; seed-путей 1.
100000006232815100,distributor,0.427810,29,0.380709,Признаки распределения. Вход 1: 160000.00 KZT; выход 5: 296500.00 KZT; seed-путей 0.
100000002591469100,terminal,0.450000,7,0.380535,Наблюдаемый конец маршрута. Вход 1: 235670.00 KZT; выход 0: 0.00 KZT; seed-путей 1.
100000000749118100,peripheral,0.200000,1,0.380348,Нет специфической роли. Вход 1: 10330.00 KZT; выход 1: 16500.00 KZT; seed-путей 2.
100000008762832100,peripheral,0.200000,3,0.380266,Нет специфической роли. Вход 1: 150000.00 KZT; выход 1: 85000.00 KZT; seed-путей 1.
100000008279405100,terminal,0.650000,4,0.380131,Наблюдаемый конец маршрута. Вход 1: 234738.00 KZT; выход 0: 0.00 KZT; seed-путей 1.
100000005547096100,peripheral,0.200000,47,0.379997,Нет специфической роли. Вход 1: 8000.00 KZT; выход 2: 226300.00 KZT; seed-путей 1.
100000001822650100,peripheral,0.200000,9,0.379754,Нет специфической роли. Вход 1: 112000.00 KZT; выход 0: 0.00 KZT; seed-путей 2. Граница выгрузки.
100000002475601100,terminal,0.450000,4,0.379593,Наблюдаемый конец маршрута. Вход 1: 232301.00 KZT; выход 0: 0.00 KZT; seed-путей 1.
100000008638859100,peripheral,0.200000,19,0.379539,Нет специфической роли. Вход 1: 34000.00 KZT; выход 0: 0.00 KZT; seed-путей 4. Граница выгрузки.
100000002529877100,peripheral,0.200000,14,0.379458,Нет специфической роли. Вход 1: 232000.00 KZT; выход 0: 0.00 KZT; seed-путей 1. Граница выгрузки.
100000008356606100,terminal,0.650000,13,0.379362,Наблюдаемый конец маршрута. Вход 2: 168500.00 KZT; выход 0: 0.00 KZT; seed-путей 1.
100000008676812100,terminal,0.450000,19,0.379055,Наблюдаемый конец маршрута. Вход 1: 230800.00 KZT; выход 0: 0.00 KZT; seed-путей 1.
100000003192309100,peripheral,0.200000,2,0.378920,Нет специфической роли. Вход 1: 17200.00 KZT; выход 1: 213000.00 KZT; seed-путей 1.
100000003230329100,peripheral,0.200000,9,0.378678,Нет специфической роли. Вход 1: 110000.00 KZT; выход 0: 0.00 KZT; seed-путей 2. Граница выгрузки.
100000003089018100,terminal,0.450000,9,0.378651,Наблюдаемый конец маршрута. Вход 1: 230000.00 KZT; выход 0: 0.00 KZT; seed-путей 1.
100000000955529100,peripheral,0.200000,3,0.378516,Нет специфической роли. Вход 1: 27000.00 KZT; выход 1: 63500.00 KZT; seed-путей 1.
100000006209210100,terminal,0.450000,7,0.378382,Наблюдаемый конец маршрута. Вход 1: 229111.00 KZT; выход 0: 0.00 KZT; seed-путей 1.
100000005849100100,terminal,0.450000,3,0.378059,Наблюдаемый конец маршрута. Вход 1: 33300.00 KZT; выход 0: 0.00 KZT; seed-путей 4.
100000001851289100,terminal,0.650000,5,0.378005,Наблюдаемый конец маршрута. Вход 1: 109510.00 KZT; выход 0: 0.00 KZT; seed-путей 2.
100000001299323100,peripheral,0.200000,9,0.377870,Нет специфической роли. Вход 1: 109000.00 KZT; выход 0: 0.00 KZT; seed-путей 2. Граница выгрузки.
100000004732589100,terminal,0.450000,8,0.377843,Наблюдаемый конец маршрута. Вход 1: 227520.00 KZT; выход 0: 0.00 KZT; seed-путей 1.
100000006967370100,peripheral,0.200000,17,0.376957,Нет специфической роли. Вход 1: 33225.00 KZT; выход 1: 13526.27 KZT; seed-путей 1.
100000002615479100,terminal,0.450000,9,0.376901,Наблюдаемый конец маршрута. Вход 1: 220000.00 KZT; выход 0: 0.00 KZT; seed-путей 1.
100000006126743100,terminal,0.450000,6,0.376551,Наблюдаемый конец маршрута. Вход 1: 55000.00 KZT; выход 0: 0.00 KZT; seed-путей 3.
100000000440392100,terminal,0.650000,5,0.376524,Наблюдаемый конец маршрута. Вход 1: 105705.00 KZT; выход 0: 0.00 KZT; seed-путей 2.
100000005314565100,terminal,0.650000,1,0.376497,Наблюдаемый конец маршрута. Вход 1: 218500.00 KZT; выход 0: 0.00 KZT; seed-путей 1.
100000006443391100,consolidator,0.422535,9,0.376411,Признаки консолидации. Вход 3: 86775.93 KZT; выход 2: 60041.71 KZT; seed-путей 1.
100000003074515100,peripheral,0.200000,9,0.376255,Нет специфической роли. Вход 1: 105000.00 KZT; выход 0: 0.00 KZT; seed-путей 2. Граница выгрузки.
100000005402643100,peripheral,0.200000,9,0.376228,Нет специфической роли. Вход 1: 127800.00 KZT; выход 1: 90000.00 KZT; seed-путей 1.
100000008333492100,peripheral,0.200000,46,0.375824,Нет специфической роли. Вход 1: 216400.00 KZT; выход 0: 0.00 KZT; seed-путей 1. Граница выгрузки.
100000002736033100,peripheral,0.200000,17,0.375476,Нет специфической роли. Вход 1: 34530.00 KZT; выход 1: 11000.00 KZT; seed-путей 1.
100000002807334100,terminal,0.450000,6,0.375474,Наблюдаемый конец маршрута. Вход 1: 54715.00 KZT; выход 0: 0.00 KZT; seed-путей 3.
100000003031890100,terminal,0.650000,24,0.375421,Наблюдаемый конец маршрута. Вход 1: 215000.00 KZT; выход 0: 0.00 KZT; seed-путей 1.
100000001490461100,peripheral,0.200000,8,0.375234,Нет специфической роли. Вход 1: 20000.00 KZT; выход 1: 5000.00 KZT; seed-путей 2.
100000002984403100,peripheral,0.200000,25,0.375207,Нет специфической роли. Вход 1: 20000.00 KZT; выход 1: 25000.00 KZT; seed-путей 1.
100000008077552100,terminal,0.450000,4,0.375017,Наблюдаемый конец маршрута. Вход 1: 214000.00 KZT; выход 0: 0.00 KZT; seed-путей 1.
100000002214383100,peripheral,0.200000,2,0.374882,Нет специфической роли. Вход 1: 213000.00 KZT; выход 0: 0.00 KZT; seed-путей 1. Граница выгрузки.
100000003112578100,terminal,0.450000,14,0.374775,Наблюдаемый конец маршрута. Вход 1: 101080.00 KZT; выход 0: 0.00 KZT; seed-путей 2.
100000003180820100,peripheral,0.200000,9,0.374640,Нет специфической роли. Вход 1: 101000.00 KZT; выход 0: 0.00 KZT; seed-путей 2. Граница выгрузки.
100000001102676100,transit,0.776056,3,0.374236,Признаки транзита. Вход 1: 50000.00 KZT; выход 1: 50000.00 KZT; seed-путей 2.
100000007745062100,peripheral,0.200000,11,0.374236,Нет специфической роли. Вход 1: 100000.00 KZT; выход 0: 0.00 KZT; seed-путей 2. Граница выгрузки.
100000008070101100,terminal,0.450000,9,0.374236,Наблюдаемый конец маршрута. Вход 1: 100000.00 KZT; выход 0: 0.00 KZT; seed-путей 2.
100000008343415100,peripheral,0.200000,4,0.374236,Нет специфической роли. Вход 1: 100000.00 KZT; выход 0: 0.00 KZT; seed-путей 2. Граница выгрузки.
100000008417029100,terminal,0.450000,9,0.374236,Наблюдаемый конец маршрута. Вход 1: 100000.00 KZT; выход 0: 0.00 KZT; seed-путей 2.
100000002648315100,peripheral,0.200000,7,0.374209,Нет специфической роли. Вход 1: 132000.00 KZT; выход 2: 76000.00 KZT; seed-путей 1.
100000000646541100,terminal,0.650000,1,0.374128,Наблюдаемый конец маршрута. Вход 3: 25300.00 KZT; выход 0: 0.00 KZT; seed-путей 3.
100000004184158100,terminal,0.450000,1,0.373940,Наблюдаемый конец маршрута. Вход 1: 203805.00 KZT; выход 0: 0.00 KZT; seed-путей 1.
100000004806903100,terminal,0.450000,3,0.373509,Наблюдаемый конец маршрута. Вход 1: 18000.00 KZT; выход 0: 0.00 KZT; seed-путей 5.
100000001822623100,terminal,0.450000,22,0.373402,Наблюдаемый конец маршрута. Вход 1: 201300.00 KZT; выход 0: 0.00 KZT; seed-путей 1.
100000001270349100,terminal,0.450000,27,0.372998,Наблюдаемый конец маршрута. Вход 1: 200000.00 KZT; выход 0: 0.00 KZT; seed-путей 1.
100000002784085100,terminal,0.450000,9,0.372998,Наблюдаемый конец маршрута. Вход 1: 200000.00 KZT; выход 0: 0.00 KZT; seed-путей 1.
100000003782913100,peripheral,0.200000,15,0.372998,Нет специфической роли. Вход 1: 200000.00 KZT; выход 0: 0.00 KZT; seed-путей 1. Граница выгрузки.
100000003824464100,terminal,0.450000,22,0.372998,Наблюдаемый конец маршрута. Вход 1: 200000.00 KZT; выход 0: 0.00 KZT; seed-путей 1.
100000004130144100,terminal,0.450000,7,0.372998,Наблюдаемый конец маршрута. Вход 1: 200000.00 KZT; выход 0: 0.00 KZT; seed-путей 1.
100000004798515100,peripheral,0.200000,11,0.372998,Нет специфической роли. Вход 1: 200000.00 KZT; выход 0: 0.00 KZT; seed-путей 1. Граница выгрузки.
100000007641801100,terminal,0.450000,7,0.372998,Наблюдаемый конец маршрута. Вход 1: 200000.00 KZT; выход 0: 0.00 KZT; seed-путей 1.
100000008238989100,terminal,0.650000,22,0.372998,Наблюдаемый конец маршрута. Вход 1: 200000.00 KZT; выход 0: 0.00 KZT; seed-путей 1.
100000001578517100,terminal,0.450000,5,0.372406,Наблюдаемый конец маршрута. Вход 1: 30000.00 KZT; выход 0: 0.00 KZT; seed-путей 4.
100000002173070100,terminal,0.450000,5,0.372406,Наблюдаемый конец маршрута. Вход 1: 30000.00 KZT; выход 0: 0.00 KZT; seed-путей 4.
100000005413948100,peripheral,0.200000,10,0.372150,Нет специфической роли. Вход 2: 28215.00 KZT; выход 1: 5000.00 KZT; seed-путей 1.
100000001641789100,terminal,0.450000,7,0.371491,Наблюдаемый конец маршрута. Вход 1: 17826.00 KZT; выход 0: 0.00 KZT; seed-путей 5.
100000002757240100,terminal,0.450000,3,0.370495,Наблюдаемый конец маршрута. Вход 1: 51183.00 KZT; выход 0: 0.00 KZT; seed-путей 3.
100000008190411100,peripheral,0.200000,50,0.370441,Нет специфической роли. Вход 1: 198450.00 KZT; выход 0: 0.00 KZT; seed-путей 1. Граница выгрузки.
100000002990675100,terminal,0.450000,6,0.370360,Наблюдаемый конец маршрута. Вход 1: 51143.00 KZT; выход 0: 0.00 KZT; seed-путей 3.
100000002567887100,terminal,0.450000,6,0.369552,Наблюдаемый конец маршрута. Вход 1: 50915.00 KZT; выход 0: 0.00 KZT; seed-путей 3.
100000002528544100,terminal,0.450000,4,0.369364,Наблюдаемый конец маршрута. Вход 1: 192912.00 KZT; выход 0: 0.00 KZT; seed-путей 1.
100000007283257100,terminal,0.650000,64,0.369095,Наблюдаемый конец маршрута. Вход 1: 192000.00 KZT; выход 0: 0.00 KZT; seed-путей 1.
100000002612809100,peripheral,0.200000,36,0.368946,Нет специфической роли. Вход 1: 30000.00 KZT; выход 3: 114000.00 KZT; seed-путей 1.
100000002695812100,peripheral,0.200000,8,0.368853,Нет специфической роли. Вход 1: 95000.00 KZT; выход 0: 0.00 KZT; seed-путей 2. Граница выгрузки.
100000006562026100,terminal,0.650000,52,0.368756,Наблюдаемый конец маршрута. Вход 2: 75000.00 KZT; выход 0: 0.00 KZT; seed-путей 2.
100000001600934100,peripheral,0.200000,4,0.368691,Нет специфической роли. Вход 1: 180300.00 KZT; выход 1: 11000.00 KZT; seed-путей 1.
100000002132479100,peripheral,0.200000,15,0.368476,Нет специфической роли. Вход 1: 30000.00 KZT; выход 1: 20000.00 KZT; seed-путей 3.
100000003293377100,terminal,0.450000,6,0.368476,Наблюдаемый конец маршрута. Вход 1: 50000.00 KZT; выход 0: 0.00 KZT; seed-путей 3.
100000003278020100,terminal,0.450000,1,0.368287,Наблюдаемый конец маршрута. Вход 1: 190000.00 KZT; выход 0: 0.00 KZT; seed-путей 1.
100000001276409100,peripheral,0.200000,8,0.367910,Нет специфической роли. Вход 1: 94760.00 KZT; выход 0: 0.00 KZT; seed-путей 2. Граница выгрузки.
100000003071649100,terminal,0.450000,9,0.367884,Наблюдаемый конец маршрута. Вход 1: 189500.00 KZT; выход 0: 0.00 KZT; seed-путей 1.
100000004360785100,terminal,0.450000,5,0.367776,Наблюдаемый конец маршрута. Вход 1: 94705.00 KZT; выход 0: 0.00 KZT; seed-путей 2.
100000005974542100,terminal,0.650000,22,0.367507,Наблюдаемый конец маршрута. Вход 1: 94500.00 KZT; выход 0: 0.00 KZT; seed-путей 2.
100000007629121100,terminal,0.450000,3,0.367291,Наблюдаемый конец маршрута. Вход 1: 29000.00 KZT; выход 0: 0.00 KZT; seed-путей 4.
100000002308091100,terminal,0.450000,14,0.367076,Наблюдаемый конец маршрута. Вход 1: 186720.00 KZT; выход 0: 0.00 KZT; seed-путей 1.
100000005567828100,peripheral,0.200000,8,0.366968,Нет специфической роли. Вход 1: 94000.00 KZT; выход 0: 0.00 KZT; seed-путей 2. Граница выгрузки.
100000001724740100,peripheral,0.200000,9,0.366807,Нет специфической роли. Вход 1: 185000.00 KZT; выход 0: 0.00 KZT; seed-путей 1. Граница выгрузки.
100000002886166100,terminal,0.650000,24,0.366807,Наблюдаемый конец маршрута. Вход 1: 185000.00 KZT; выход 0: 0.00 KZT; seed-путей 1.
100000006612238100,peripheral,0.200000,2,0.366807,Нет специфической роли. Вход 1: 160000.00 KZT; выход 1: 25000.00 KZT; seed-путей 1.
100000006308406100,peripheral,0.200000,21,0.366134,Нет специфической роли. Вход 1: 183000.00 KZT; выход 0: 0.00 KZT; seed-путей 1. Граница выгрузки.
100000001223977100,peripheral,0.200000,49,0.366082,Нет специфической роли. Вход 1: 5000.00 KZT; выход 1: 18000.00 KZT; seed-путей 2.
100000002593038100,terminal,0.450000,11,0.366080,Наблюдаемый конец маршрута. Вход 1: 28500.00 KZT; выход 0: 0.00 KZT; seed-путей 4.
100000001477796100,terminal,0.450000,3,0.365865,Наблюдаемый конец маршрута. Вход 1: 182000.00 KZT; выход 0: 0.00 KZT; seed-путей 1.
100000000031787100,transit,0.801987,7,0.365596,Признаки транзита. Вход 1: 90000.00 KZT; выход 2: 90000.00 KZT; seed-путей 1.
100000003191430100,terminal,0.450000,5,0.365596,Наблюдаемый конец маршрута. Вход 1: 180000.00 KZT; выход 0: 0.00 KZT; seed-путей 1.
100000001837130100,terminal,0.450000,1,0.364250,Наблюдаемый конец маршрута. Вход 1: 172900.00 KZT; выход 0: 0.00 KZT; seed-путей 1.
100000004403641100,peripheral,0.200000,14,0.363980,Нет специфической роли. Вход 1: 171500.00 KZT; выход 0: 0.00 KZT; seed-путей 1. Граница выгрузки.
100000001893287100,peripheral,0.200000,7,0.363846,Нет специфической роли. Вход 1: 18000.00 KZT; выход 1: 152700.00 KZT; seed-путей 1.
100000002971593100,peripheral,0.200000,6,0.363765,Нет специфической роли. Вход 1: 49050.00 KZT; выход 0: 0.00 KZT; seed-путей 3. Граница выгрузки.
100000008136608100,peripheral,0.200000,8,0.363577,Нет специфической роли. Вход 1: 170000.00 KZT; выход 0: 0.00 KZT; seed-путей 1. Граница выгрузки.
100000008336318100,peripheral,0.200000,9,0.363577,Нет специфической роли. Вход 1: 170000.00 KZT; выход 0: 0.00 KZT; seed-путей 1. Граница выгрузки.
100000008714412100,terminal,0.450000,8,0.362769,Наблюдаемый конец маршрута. Вход 1: 169000.00 KZT; выход 0: 0.00 KZT; seed-путей 1.
100000008172721100,peripheral,0.200000,4,0.362500,Нет специфической роли. Вход 1: 168335.00 KZT; выход 0: 0.00 KZT; seed-путей 1. Граница выгрузки.
100000002981527100,terminal,0.450000,9,0.362231,Наблюдаемый конец маршрута. Вход 1: 168000.00 KZT; выход 0: 0.00 KZT; seed-путей 1.
100000003235780100,terminal,0.650000,1,0.361892,Наблюдаемый конец маршрута. Вход 2: 65000.00 KZT; выход 0: 0.00 KZT; seed-путей 2.
100000000943371100,terminal,0.450000,13,0.361800,Наблюдаемый конец маршрута. Вход 1: 15500.00 KZT; выход 0: 0.00 KZT; seed-путей 5.
100000008422226100,terminal,0.450000,1,0.361719,Наблюдаемый конец маршрута. Вход 1: 87450.00 KZT; выход 0: 0.00 KZT; seed-путей 2.
100000001819396100,terminal,0.450000,26,0.361423,Наблюдаемый конец маршрута. Вход 1: 166080.00 KZT; выход 0: 0.00 KZT; seed-путей 1.
100000002659103100,peripheral,0.200000,43,0.361154,Нет специфической роли. Вход 1: 165000.00 KZT; выход 0: 0.00 KZT; seed-путей 1. Граница выгрузки.
100000003603979100,terminal,0.650000,24,0.361154,Наблюдаемый конец маршрута. Вход 1: 165000.00 KZT; выход 0: 0.00 KZT; seed-путей 1.
100000005272139100,peripheral,0.200000,5,0.361154,Нет специфической роли. Вход 1: 165000.00 KZT; выход 0: 0.00 KZT; seed-путей 1. Граница выгрузки.
100000002791494100,peripheral,0.200000,8,0.360777,Нет специфической роли. Вход 1: 85860.00 KZT; выход 0: 0.00 KZT; seed-путей 2. Граница выгрузки.
100000002836052100,terminal,0.450000,4,0.360723,Наблюдаемый конец маршрута. Вход 1: 15000.00 KZT; выход 0: 0.00 KZT; seed-путей 8.
100000000878006100,terminal,0.450000,6,0.360400,Наблюдаемый конец маршрута. Вход 1: 47003.00 KZT; выход 0: 0.00 KZT; seed-путей 3.
100000005077484100,peripheral,0.200000,29,0.360212,Нет специфической роли. Вход 1: 150000.00 KZT; выход 2: 13550.00 KZT; seed-путей 1.
100000008735802100,peripheral,0.200000,1,0.360104,Нет специфической роли. Вход 1: 85000.00 KZT; выход 0: 0.00 KZT; seed-путей 2. Граница выгрузки.
100000001825934100,peripheral,0.200000,36,0.360068,Нет специфической роли. Вход 1: 40000.00 KZT; выход 1: 97000.00 KZT; seed-путей 1.
100000005186131100,transit,0.705415,1,0.360025,Признаки транзита. Вход 1: 10000.00 KZT; выход 1: 10000.00 KZT; seed-путей 2.
100000002635780100,terminal,0.450000,7,0.359808,Наблюдаемый конец маршрута. Вход 1: 163000.02 KZT; выход 0: 0.00 KZT; seed-путей 1.
100000007197866100,peripheral,0.200000,4,0.359326,Нет специфической роли. Вход 1: 20000.00 KZT; выход 1: 15000.00 KZT; seed-путей 1.
100000002212494100,terminal,0.450000,31,0.359135,Наблюдаемый конец маршрута. Вход 1: 160000.00 KZT; выход 0: 0.00 KZT; seed-путей 1.
100000004539443100,terminal,0.650000,3,0.359066,Наблюдаемый конец маршрута. Вход 2: 61990.00 KZT; выход 0: 0.00 KZT; seed-путей 2.
100000000790311100,terminal,0.450000,16,0.358651,Наблюдаемый конец маршрута. Вход 1: 46300.00 KZT; выход 0: 0.00 KZT; seed-путей 3.
100000000703894100,peripheral,0.200000,29,0.357655,Нет специфической роли. Вход 1: 120000.00 KZT; выход 1: 35000.00 KZT; seed-путей 1.
100000007511780100,peripheral,0.200000,1,0.357655,Нет специфической роли. Вход 1: 155000.00 KZT; выход 0: 0.00 KZT; seed-путей 1. Граница выгрузки.
100000007536804100,peripheral,0.200000,7,0.357655,Нет специфической роли. Вход 1: 100000.00 KZT; выход 2: 55000.00 KZT; seed-путей 1.
100000008664469100,terminal,0.450000,3,0.357601,Наблюдаемый конец маршрута. Вход 1: 25000.00 KZT; выход 0: 0.00 KZT; seed-путей 4.
100000002896506100,peripheral,0.200000,6,0.357574,Нет специфической роли. Вход 1: 45000.00 KZT; выход 0: 0.00 KZT; seed-путей 3. Граница выгрузки.
100000004991593100,peripheral,0.200000,4,0.357574,Нет специфической роли. Вход 1: 45000.00 KZT; выход 0: 0.00 KZT; seed-путей 3. Граница выгрузки.
100000002257794100,terminal,0.450000,24,0.356982,Наблюдаемый конец маршрута. Вход 1: 154000.00 KZT; выход 0: 0.00 KZT; seed-путей 1.
100000002479804100,peripheral,0.200000,3,0.356237,Нет специфической роли. Вход 1: 46000.00 KZT; выход 2: 35300.00 KZT; seed-путей 1.
100000008619857100,peripheral,0.200000,1,0.355985,Нет специфической роли. Вход 1: 29000.00 KZT; выход 2: 13000.00 KZT; seed-путей 2.
100000008417359100,peripheral,0.200000,17,0.355771,Нет специфической роли. Вход 1: 40810.00 KZT; выход 2: 110760.00 KZT; seed-путей 1.
100000008002020100,peripheral,0.200000,11,0.355638,Нет специфической роли. Вход 1: 73860.00 KZT; выход 1: 17000.00 KZT; seed-путей 1.
100000001275752100,terminal,0.450000,9,0.355636,Наблюдаемый конец маршрута. Вход 1: 151500.00 KZT; выход 0: 0.00 KZT; seed-путей 1.
100000005485830100,distributor,0.422622,44,0.355406,Признаки распределения. Вход 0: 0.00 KZT; выход 5: 275885.00 KZT; seed-путей 0.
100000008633099100,peripheral,0.200000,7,0.355153,Нет специфической роли. Вход 1: 19468.00 KZT; выход 1: 13500.00 KZT; seed-путей 1.
100000004552204100,peripheral,0.200000,32,0.354884,Нет специфической роли. Вход 1: 22500.00 KZT; выход 2: 10000.00 KZT; seed-путей 1.
100000000861294100,terminal,0.450000,7,0.354694,Наблюдаемый конец маршрута. Вход 1: 150000.00 KZT; выход 0: 0.00 KZT; seed-путей 1.
100000001537524100,peripheral,0.200000,14,0.354694,Нет специфической роли. Вход 1: 150000.00 KZT; выход 0: 0.00 KZT; seed-путей 1. Граница выгрузки.
100000002170580100,terminal,0.450000,8,0.354694,Наблюдаемый конец маршрута. Вход 1: 150000.00 KZT; выход 0: 0.00 KZT; seed-путей 1.
100000001110358100,terminal,0.650000,1,0.353869,Наблюдаемый конец маршрута. Вход 2: 32000.00 KZT; выход 0: 0.00 KZT; seed-путей 2.
100000001074553100,terminal,0.650000,9,0.353282,Наблюдаемый конец маршрута. Вход 2: 28971.00 KZT; выход 0: 0.00 KZT; seed-путей 2.
100000005878334100,peripheral,0.200000,4,0.353106,Нет специфической роли. Вход 1: 76400.00 KZT; выход 0: 0.00 KZT; seed-путей 2. Граница выгрузки.
100000002729875100,peripheral,0.200000,8,0.352971,Нет специфической роли. Вход 1: 76000.00 KZT; выход 0: 0.00 KZT; seed-путей 2. Граница выгрузки.
100000004269433100,peripheral,0.200000,59,0.352797,Нет специфической роли. Вход 0: 0.00 KZT; выход 1: 1372000.00 KZT; seed-путей 0.
100000008730021100,terminal,0.650000,59,0.352433,Наблюдаемый конец маршрута. Вход 1: 75555.00 KZT; выход 0: 0.00 KZT; seed-путей 2.
100000004388983100,peripheral,0.200000,64,0.351938,Нет специфической роли. Вход 0: 0.00 KZT; выход 2: 450816.00 KZT; seed-путей 0.
100000001601320100,transit,0.580609,7,0.351896,Признаки транзита. Вход 2: 43500.00 KZT; выход 1: 46200.00 KZT; seed-путей 1.
100000008595687100,peripheral,0.200000,5,0.351491,Нет специфической роли. Вход 1: 64395.00 KZT; выход 1: 10400.00 KZT; seed-путей 2.
100000005852946100,terminal,0.450000,3,0.351410,Наблюдаемый конец маршрута. Вход 1: 23746.00 KZT; выход 0: 0.00 KZT; seed-путей 4.
100000005360814100,peripheral,0.200000,4,0.351194,Нет специфической роли. Вход 1: 144000.00 KZT; выход 0: 0.00 KZT; seed-путей 1. Граница выгрузки.
100000003819173100,peripheral,0.200000,4,0.350522,Нет специфической роли. Вход 1: 143777.00 KZT; выход 0: 0.00 KZT; seed-путей 1. Граница выгрузки.
100000000993112100,terminal,0.450000,32,0.350118,Наблюдаемый конец маршрута. Вход 1: 141000.00 KZT; выход 0: 0.00 KZT; seed-путей 1.
100000002659265100,peripheral,0.200000,9,0.350118,Нет специфической роли. Вход 1: 141000.00 KZT; выход 0: 0.00 KZT; seed-путей 1. Граница выгрузки.
100000005233755100,peripheral,0.200000,17,0.350039,Нет специфической роли. Вход 1: 25000.00 KZT; выход 1: 5000.00 KZT; seed-путей 1.
100000007689942100,peripheral,0.200000,19,0.350039,Нет специфической роли. Вход 1: 5000.00 KZT; выход 2: 25000.00 KZT; seed-путей 1.
100000006952718100,terminal,0.450000,5,0.350010,Наблюдаемый конец маршрута. Вход 1: 71489.00 KZT; выход 0: 0.00 KZT; seed-путей 2.
100000002914245100,terminal,0.450000,4,0.349714,Наблюдаемый конец маршрута. Вход 1: 140611.00 KZT; выход 0: 0.00 KZT; seed-путей 1.
100000002335358100,terminal,0.650000,5,0.349579,Наблюдаемый конец маршрута. Вход 1: 140000.00 KZT; выход 0: 0.00 KZT; seed-путей 1.
100000002605184100,terminal,0.450000,16,0.349579,Наблюдаемый конец маршрута. Вход 1: 140000.00 KZT; выход 0: 0.00 KZT; seed-путей 1.
100000008183752100,peripheral,0.200000,18,0.349579,Нет специфической роли. Вход 1: 140000.00 KZT; выход 0: 0.00 KZT; seed-путей 1. Граница выгрузки.
100000005264874100,peripheral,0.200000,36,0.349166,Нет специфической роли. Вход 1: 30000.00 KZT; выход 2: 78000.00 KZT; seed-путей 1.
100000000803368100,peripheral,0.200000,15,0.348906,Нет специфической роли. Вход 1: 139503.00 KZT; выход 0: 0.00 KZT; seed-путей 1. Граница выгрузки.
100000002600345100,terminal,0.650000,5,0.348837,Наблюдаемый конец маршрута. Вход 2: 52400.00 KZT; выход 0: 0.00 KZT; seed-путей 2.
100000003216073100,peripheral,0.200000,4,0.348762,Нет специфической роли. Вход 1: 37001.00 KZT; выход 1: 70000.00 KZT; seed-путей 1.
100000001726614100,terminal,0.450000,1,0.348637,Наблюдаемый конец маршрута. Вход 1: 138717.00 KZT; выход 0: 0.00 KZT; seed-путей 1.
100000008571243100,terminal,0.450000,8,0.347561,Наблюдаемый конец маршрута. Вход 1: 134000.00 KZT; выход 0: 0.00 KZT; seed-путей 1.
100000001688676100,terminal,0.450000,19,0.347426,Наблюдаемый конец маршрута. Вход 1: 133700.00 KZT; выход 0: 0.00 KZT; seed-путей 1.
100000002954780100,terminal,0.450000,9,0.347291,Наблюдаемый конец маршрута. Вход 1: 133400.00 KZT; выход 0: 0.00 KZT; seed-путей 1.
100000004959752100,terminal,0.450000,4,0.346834,Наблюдаемый конец маршрута. Вход 1: 22200.00 KZT; выход 0: 0.00 KZT; seed-путей 4.
100000008583971100,peripheral,0.200000,1,0.346818,Нет специфической роли. Вход 2: 51000.00 KZT; выход 0: 0.00 KZT; seed-путей 2. Граница выгрузки.
100000004800648100,peripheral,0.200000,11,0.346753,Нет специфической роли. Вход 1: 131000.00 KZT; выход 0: 0.00 KZT; seed-путей 1. Граница выгрузки.
100000001246806100,peripheral,0.200000,9,0.346618,Нет специфической роли. Вход 1: 130000.00 KZT; выход 0: 0.00 KZT; seed-путей 1. Граница выгрузки.
100000002906470100,terminal,0.450000,19,0.346618,Наблюдаемый конец маршрута. Вход 1: 130000.00 KZT; выход 0: 0.00 KZT; seed-путей 1.
100000004813068100,peripheral,0.200000,23,0.346586,Нет специфической роли. Вход 0: 0.00 KZT; выход 3: 297000.00 KZT; seed-путей 0.
100000002457464100,terminal,0.450000,3,0.346107,Наблюдаемый конец маршрута. Вход 1: 66647.00 KZT; выход 0: 0.00 KZT; seed-путей 2.
100000003073635100,terminal,0.450000,4,0.345945,Наблюдаемый конец маршрута. Вход 1: 129231.00 KZT; выход 0: 0.00 KZT; seed-путей 1.
100000002778085100,terminal,0.450000,5,0.345838,Наблюдаемый конец маршрута. Вход 1: 66208.00 KZT; выход 0: 0.00 KZT; seed-путей 2.
100000003271151100,terminal,0.450000,4,0.345676,Наблюдаемый конец маршрута. Вход 1: 127294.00 KZT; выход 0: 0.00 KZT; seed-путей 1.
100000003069463100,peripheral,0.200000,26,0.345328,Нет специфической роли. Вход 1: 11500.00 KZT; выход 1: 17920.00 KZT; seed-путей 1.
100000003497735100,terminal,0.450000,19,0.345273,Наблюдаемый конец маршрута. Вход 1: 125000.00 KZT; выход 0: 0.00 KZT; seed-путей 1.
100000002599729100,peripheral,0.200000,1,0.345165,Нет специфической роли. Вход 1: 65000.00 KZT; выход 0: 0.00 KZT; seed-путей 2. Граница выгрузки.
100000006684930100,terminal,0.450000,13,0.344976,Наблюдаемый конец маршрута. Вход 1: 10000.00 KZT; выход 0: 0.00 KZT; seed-путей 5.
100000008060273100,terminal,0.611778,4,0.344976,Наблюдаемый конец маршрута. Вход 1: 10000.00 KZT; выход 0: 0.00 KZT; seed-путей 8.
100000004784224100,peripheral,0.200000,23,0.344330,Нет специфической роли. Вход 1: 23500.00 KZT; выход 1: 100000.00 KZT; seed-путей 1.
100000002597003100,peripheral,0.200000,1,0.343982,Нет специфической роли. Вход 1: 17700.00 KZT; выход 1: 11000.00 KZT; seed-путей 1.
100000005895525100,terminal,0.650000,44,0.343792,Наблюдаемый конец маршрута. Вход 1: 120000.00 KZT; выход 0: 0.00 KZT; seed-путей 1.
100000008598972100,terminal,0.450000,4,0.343792,Наблюдаемый конец маршрута. Вход 1: 120000.00 KZT; выход 0: 0.00 KZT; seed-путей 1.
100000003696422100,peripheral,0.200000,31,0.342446,Нет специфической роли. Вход 1: 118000.00 KZT; выход 0: 0.00 KZT; seed-путей 1. Граница выгрузки.
100000003370425100,peripheral,0.200000,13,0.342392,Нет специфической роли. Вход 1: 20000.00 KZT; выход 0: 0.00 KZT; seed-путей 4. Граница выгрузки.
100000004285800100,peripheral,0.200000,1,0.342392,Нет специфической роли. Вход 1: 5000.00 KZT; выход 1: 15000.00 KZT; seed-путей 4.
100000004441291100,terminal,0.450000,3,0.342392,Наблюдаемый конец маршрута. Вход 1: 20000.00 KZT; выход 0: 0.00 KZT; seed-путей 4.
100000005022964100,terminal,0.450000,3,0.342392,Наблюдаемый конец маршрута. Вход 1: 20000.00 KZT; выход 0: 0.00 KZT; seed-путей 4.
100000005873152100,transit,0.705415,12,0.342392,Признаки транзита. Вход 1: 10000.00 KZT; выход 1: 10000.00 KZT; seed-путей 4.
100000007960337100,peripheral,0.200000,4,0.342365,Нет специфической роли. Вход 1: 35500.00 KZT; выход 0: 0.00 KZT; seed-путей 3. Граница выгрузки.
100000001202787100,peripheral,0.200000,1,0.341975,Нет специфической роли. Вход 2: 14850.00 KZT; выход 0: 0.00 KZT; seed-путей 3. Граница выгрузки.
100000001737722100,terminal,0.450000,3,0.341935,Наблюдаемый конец маршрута. Вход 1: 60460.00 KZT; выход 0: 0.00 KZT; seed-путей 2.
100000000737152100,peripheral,0.200000,1,0.341692,Нет специфической роли. Вход 1: 35000.00 KZT; выход 0: 0.00 KZT; seed-путей 3. Граница выгрузки.
100000004911971100,peripheral,0.200000,35,0.341692,Нет специфической роли. Вход 1: 35000.00 KZT; выход 0: 0.00 KZT; seed-путей 3. Граница выгрузки.
100000001733216100,peripheral,0.200000,1,0.341666,Нет специфической роли. Вход 1: 60000.00 KZT; выход 0: 0.00 KZT; seed-путей 2. Граница выгрузки.
100000002505277100,peripheral,0.200000,1,0.341666,Нет специфической роли. Вход 1: 60000.00 KZT; выход 0: 0.00 KZT; seed-путей 2. Граница выгрузки.
100000004777215100,peripheral,0.200000,21,0.341666,Нет специфической роли. Вход 1: 60000.00 KZT; выход 0: 0.00 KZT; seed-путей 2. Граница выгрузки.
100000007042175100,peripheral,0.200000,1,0.341666,Нет специфической роли. Вход 1: 60000.00 KZT; выход 0: 0.00 KZT; seed-путей 2. Граница выгрузки.
100000006664478100,transit,0.507203,27,0.341235,Признаки транзита. Вход 1: 55000.00 KZT; выход 2: 60000.00 KZT; seed-путей 1.
100000002769809100,terminal,0.450000,19,0.340696,Наблюдаемый конец маршрута. Вход 1: 113422.00 KZT; выход 0: 0.00 KZT; seed-путей 1.
100000002530224100,terminal,0.450000,9,0.340562,Наблюдаемый конец маршрута. Вход 1: 113000.00 KZT; выход 0: 0.00 KZT; seed-путей 1.
100000008730238100,peripheral,0.200000,10,0.340562,Нет специфической роли. Вход 1: 113000.00 KZT; выход 0: 0.00 KZT; seed-путей 1. Граница выгрузки.
100000002028158100,terminal,0.450000,16,0.340347,Наблюдаемый конец маршрута. Вход 1: 34800.00 KZT; выход 0: 0.00 KZT; seed-путей 3.
100000001164648100,terminal,0.650000,8,0.340119,Наблюдаемый конец маршрута. Вход 2: 13660.00 KZT; выход 0: 0.00 KZT; seed-путей 3.
100000004292885100,terminal,0.450000,2,0.340024,Наблюдаемый конец маршрута. Вход 1: 112700.00 KZT; выход 0: 0.00 KZT; seed-путей 1.
100000003292191100,terminal,0.450000,18,0.339754,Наблюдаемый конец маршрута. Вход 1: 112000.00 KZT; выход 0: 0.00 KZT; seed-путей 1.
100000008669310100,terminal,0.650000,1,0.339647,Наблюдаемый конец маршрута. Вход 1: 59567.00 KZT; выход 0: 0.00 KZT; seed-путей 2.
100000001382002100,transit,0.698112,1,0.339485,Признаки транзита. Вход 1: 55000.00 KZT; выход 1: 56500.00 KZT; seed-путей 1.
100000001805543100,terminal,0.450000,5,0.339378,Наблюдаемый конец маршрута. Вход 1: 59000.00 KZT; выход 0: 0.00 KZT; seed-путей 2.
100000002794374100,peripheral,0.200000,46,0.339351,Нет специфической роли. Вход 1: 111000.00 KZT; выход 0: 0.00 KZT; seed-путей 1. Граница выгрузки.
100000002835874100,peripheral,0.200000,9,0.339108,Нет специфической роли. Вход 1: 58700.00 KZT; выход 0: 0.00 KZT; seed-путей 2. Граница выгрузки.
100000008701256100,terminal,0.450000,1,0.338705,Наблюдаемый конец маршрута. Вход 1: 58250.00 KZT; выход 0: 0.00 KZT; seed-путей 2.
100000002734815100,peripheral,0.200000,9,0.338678,Нет специфической роли. Вход 1: 110000.00 KZT; выход 0: 0.00 KZT; seed-путей 1. Граница выгрузки.
100000003186579100,peripheral,0.200000,4,0.338678,Нет специфической роли. Вход 1: 110000.00 KZT; выход 0: 0.00 KZT; seed-путей 1. Граница выгрузки.
100000000942301100,terminal,0.650000,1,0.338435,Наблюдаемый конец маршрута. Вход 1: 57580.00 KZT; выход 0: 0.00 KZT; seed-путей 2.
100000002752565100,peripheral,0.200000,4,0.337628,Нет специфической роли. Вход 1: 57000.00 KZT; выход 0: 0.00 KZT; seed-путей 2. Граница выгрузки.
100000003252446100,peripheral,0.200000,10,0.337601,Нет специфической роли. Вход 1: 108600.00 KZT; выход 0: 0.00 KZT; seed-путей 1. Граница выгрузки.
100000002969048100,terminal,0.450000,7,0.337466,Наблюдаемый конец маршрута. Вход 1: 108470.00 KZT; выход 0: 0.00 KZT; seed-путей 1.
100000002462183100,terminal,0.650000,44,0.337197,Наблюдаемый конец маршрута. Вход 1: 107500.00 KZT; выход 0: 0.00 KZT; seed-путей 1.
100000003971049100,terminal,0.650000,1,0.337089,Наблюдаемый конец маршрута. Вход 1: 55900.00 KZT; выход 0: 0.00 KZT; seed-путей 2.
100000004071070100,peripheral,0.200000,1,0.336993,Нет специфической роли. Вход 2: 41000.00 KZT; выход 1: 6000.00 KZT; seed-путей 2.
100000005265073100,peripheral,0.200000,20,0.336425,Нет специфической роли. Вход 1: 5000.00 KZT; выход 1: 9000.00 KZT; seed-путей 2.
100000008337304100,peripheral,0.200000,4,0.336390,Нет специфической роли. Вход 1: 105465.00 KZT; выход 0: 0.00 KZT; seed-путей 1. Граница выгрузки.
100000005546031100,consolidator,0.409729,47,0.335900,Признаки консолидации. Вход 3: 66800.00 KZT; выход 1: 8000.00 KZT; seed-путей 1.
100000000802149100,terminal,0.450000,1,0.335717,Наблюдаемый конец маршрута. Вход 1: 104128.00 KZT; выход 0: 0.00 KZT; seed-путей 1.
100000001524952100,terminal,0.450000,1,0.335582,Наблюдаемый конец маршрута. Вход 1: 103807.00 KZT; выход 0: 0.00 KZT; seed-путей 1.
100000004891562100,peripheral,0.200000,8,0.335448,Нет специфической роли. Вход 1: 103400.00 KZT; выход 0: 0.00 KZT; seed-путей 1. Граница выгрузки.
100000008629581100,terminal,0.450000,3,0.335205,Наблюдаемый конец маршрута. Вход 1: 54184.00 KZT; выход 0: 0.00 KZT; seed-путей 2.
100000004410489100,terminal,0.450000,3,0.334936,Наблюдаемый конец маршрута. Вход 1: 54000.00 KZT; выход 0: 0.00 KZT; seed-путей 2.
100000008501413100,transit,0.619781,12,0.334713,Признаки транзита. Вход 1: 5000.00 KZT; выход 1: 5100.00 KZT; seed-путей 2.
100000006122699100,terminal,0.650000,5,0.334705,Наблюдаемый конец маршрута. Вход 2: 45865.00 KZT; выход 0: 0.00 KZT; seed-путей 2.
100000005326681100,terminal,0.450000,16,0.334694,Наблюдаемый конец маршрута. Вход 1: 31228.00 KZT; выход 0: 0.00 KZT; seed-путей 3.
100000001530709100,terminal,0.450000,1,0.334532,Наблюдаемый конец маршрута. Вход 1: 53961.00 KZT; выход 0: 0.00 KZT; seed-путей 2.
100000002550141100,terminal,0.450000,4,0.334505,Наблюдаемый конец маршрута. Вход 1: 100586.00 KZT; выход 0: 0.00 KZT; seed-путей 1.
100000001299828100,peripheral,0.200000,1,0.334236,Нет специфической роли. Вход 1: 100000.00 KZT; выход 0: 0.00 KZT; seed-путей 1. Граница выгрузки.
100000001533161100,peripheral,0.200000,43,0.334236,Нет специфической роли. Вход 1: 100000.00 KZT; выход 0: 0.00 KZT; seed-путей 1. Граница выгрузки.
100000002540623100,terminal,0.450000,8,0.334236,Наблюдаемый конец маршрута. Вход 1: 100000.00 KZT; выход 0: 0.00 KZT; seed-путей 1.
100000002757797100,terminal,0.450000,11,0.334236,Наблюдаемый конец маршрута. Вход 1: 100000.00 KZT; выход 0: 0.00 KZT; seed-путей 1.
100000003134550100,peripheral,0.200000,10,0.334236,Нет специфической роли. Вход 1: 100000.00 KZT; выход 0: 0.00 KZT; seed-путей 1. Граница выгрузки.
100000003147719100,terminal,0.450000,9,0.334236,Наблюдаемый конец маршрута. Вход 1: 100000.00 KZT; выход 0: 0.00 KZT; seed-путей 1.
100000004418967100,peripheral,0.200000,10,0.334236,Нет специфической роли. Вход 1: 100000.00 KZT; выход 0: 0.00 KZT; seed-путей 1. Граница выгрузки.
100000004671609100,terminal,0.450000,14,0.334236,Наблюдаемый конец маршрута. Вход 1: 100000.00 KZT; выход 0: 0.00 KZT; seed-путей 1.
100000004840086100,peripheral,0.200000,1,0.334236,Нет специфической роли. Вход 1: 100000.00 KZT; выход 0: 0.00 KZT; seed-путей 1. Граница выгрузки.
100000005241556100,terminal,0.450000,18,0.334236,Наблюдаемый конец маршрута. Вход 1: 100000.00 KZT; выход 0: 0.00 KZT; seed-путей 1.
100000005474472100,terminal,0.450000,23,0.334236,Наблюдаемый конец маршрута. Вход 1: 100000.00 KZT; выход 0: 0.00 KZT; seed-путей 1.
100000006100920100,terminal,0.450000,1,0.334236,Наблюдаемый конец маршрута. Вход 1: 100000.00 KZT; выход 0: 0.00 KZT; seed-путей 1.
100000007653003100,terminal,0.450000,17,0.334236,Наблюдаемый конец маршрута. Вход 1: 100000.00 KZT; выход 0: 0.00 KZT; seed-путей 1.
100000008596924100,terminal,0.450000,7,0.334236,Наблюдаемый конец маршрута. Вход 1: 100000.00 KZT; выход 0: 0.00 KZT; seed-путей 1.
100000008459449100,terminal,0.450000,1,0.334129,Наблюдаемый конец маршрута. Вход 1: 53700.00 KZT; выход 0: 0.00 KZT; seed-путей 2.
100000003207060100,peripheral,0.200000,1,0.333052,Нет специфической роли. Вход 1: 53000.00 KZT; выход 0: 0.00 KZT; seed-путей 2. Граница выгрузки.
100000001339466100,terminal,0.450000,3,0.332406,Наблюдаемый конец маршрута. Вход 1: 30000.00 KZT; выход 0: 0.00 KZT; seed-путей 3.
100000003814002100,terminal,0.450000,6,0.332406,Наблюдаемый конец маршрута. Вход 1: 30000.00 KZT; выход 0: 0.00 KZT; seed-путей 3.
100000004047887100,peripheral,0.200000,38,0.332406,Нет специфической роли. Вход 1: 30000.00 KZT; выход 0: 0.00 KZT; seed-путей 3. Граница выгрузки.
100000005105153100,terminal,0.450000,1,0.332406,Наблюдаемый конец маршрута. Вход 1: 30000.00 KZT; выход 0: 0.00 KZT; seed-путей 3.
100000008701944100,terminal,0.450000,59,0.331437,Наблюдаемый конец маршрута. Вход 1: 52124.00 KZT; выход 0: 0.00 KZT; seed-путей 2.
100000007510567100,peripheral,0.200000,8,0.331302,Нет специфической роли. Вход 1: 52000.00 KZT; выход 0: 0.00 KZT; seed-путей 2. Граница выгрузки.
100000000922570100,transit,0.585151,11,0.330064,Признаки транзита. Вход 1: 47101.00 KZT; выход 1: 50000.00 KZT; seed-путей 1.
100000005661829100,transit,0.556077,19,0.329945,Признаки транзита. Вход 1: 37790.00 KZT; выход 2: 40362.00 KZT; seed-путей 1.
100000002214207100,peripheral,0.200000,36,0.329929,Нет специфической роли. Вход 1: 97000.00 KZT; выход 0: 0.00 KZT; seed-путей 1. Граница выгрузки.
100000002692044100,terminal,0.450000,11,0.329929,Наблюдаемый конец маршрута. Вход 1: 97000.00 KZT; выход 0: 0.00 KZT; seed-путей 1.
100000003102157100,terminal,0.650000,1,0.329526,Наблюдаемый конец маршрута. Вход 1: 96746.00 KZT; выход 0: 0.00 KZT; seed-путей 1.
100000001848426100,terminal,0.450000,7,0.328987,Наблюдаемый конец маршрута. Вход 1: 95530.00 KZT; выход 0: 0.00 KZT; seed-путей 1.
100000002705460100,terminal,0.450000,5,0.328853,Наблюдаемый конец маршрута. Вход 1: 95000.00 KZT; выход 0: 0.00 KZT; seed-путей 1.
100000007648946100,peripheral,0.200000,13,0.328617,Нет специфической роли. Вход 1: 19550.00 KZT; выход 1: 25000.00 KZT; seed-путей 1.
100000004019056100,peripheral,0.200000,13,0.328476,Нет специфической роли. Вход 1: 50000.00 KZT; выход 0: 0.00 KZT; seed-путей 2. Граница выгрузки.
100000005142589100,terminal,0.650000,1,0.328476,Наблюдаемый конец маршрута. Вход 1: 50000.00 KZT; выход 0: 0.00 KZT; seed-путей 2.
100000007731977100,peripheral,0.200000,1,0.328476,Нет специфической роли. Вход 1: 50000.00 KZT; выход 0: 0.00 KZT; seed-путей 2. Граница выгрузки.
100000008308418100,peripheral,0.200000,1,0.328476,Нет специфической роли. Вход 1: 50000.00 KZT; выход 0: 0.00 KZT; seed-путей 2. Граница выгрузки.
100000002539625100,terminal,0.450000,10,0.327641,Наблюдаемый конец маршрута. Вход 1: 94700.00 KZT; выход 0: 0.00 KZT; seed-путей 1.
100000005834479100,peripheral,0.200000,4,0.327573,Нет специфической роли. Вход 1: 7500.00 KZT; выход 2: 14470.00 KZT; seed-путей 2.
100000000917179100,terminal,0.650000,15,0.327238,Наблюдаемый конец маршрута. Вход 1: 94465.00 KZT; выход 0: 0.00 KZT; seed-путей 1.
100000005904580100,terminal,0.650000,11,0.327006,Наблюдаемый конец маршрута. Вход 2: 72000.00 KZT; выход 0: 0.00 KZT; seed-путей 1.
100000003060187100,terminal,0.450000,19,0.326565,Наблюдаемый конец маршрута. Вход 1: 93046.00 KZT; выход 0: 0.00 KZT; seed-путей 1.
100000003073398100,terminal,0.450000,7,0.326295,Наблюдаемый конец маршрута. Вход 1: 92960.00 KZT; выход 0: 0.00 KZT; seed-путей 1.
100000001648936100,terminal,0.450000,7,0.326026,Наблюдаемый конец маршрута. Вход 1: 92740.00 KZT; выход 0: 0.00 KZT; seed-путей 1.
100000003239379100,terminal,0.450000,11,0.325892,Наблюдаемый конец маршрута. Вход 1: 92500.00 KZT; выход 0: 0.00 KZT; seed-путей 1.
100000003087877100,terminal,0.450000,4,0.325757,Наблюдаемый конец маршрута. Вход 1: 91486.00 KZT; выход 0: 0.00 KZT; seed-путей 1.
100000002779485100,terminal,0.650000,4,0.325622,Наблюдаемый конец маршрута. Вход 1: 91000.00 KZT; выход 0: 0.00 KZT; seed-путей 1.
100000005394708100,peripheral,0.200000,20,0.325622,Нет специфической роли. Вход 1: 26000.00 KZT; выход 1: 65000.00 KZT; seed-путей 1.
100000007653094100,peripheral,0.200000,13,0.325434,Нет специфической роли. Вход 1: 16000.00 KZT; выход 0: 0.00 KZT; seed-путей 4. Граница выгрузки.
100000008576528100,terminal,0.450000,6,0.325003,Наблюдаемый конец маршрута. Вход 1: 28000.00 KZT; выход 0: 0.00 KZT; seed-путей 3.
100000008738325100,peripheral,0.200000,20,0.324950,Нет специфической роли. Вход 1: 36550.00 KZT; выход 1: 54000.00 KZT; seed-путей 1.
100000001083990100,terminal,0.650000,11,0.324842,Наблюдаемый конец маршрута. Вход 1: 49900.00 KZT; выход 0: 0.00 KZT; seed-путей 2.
100000006385877100,peripheral,0.200000,9,0.324680,Нет специфической роли. Вход 1: 53706.62 KZT; выход 1: 36602.93 KZT; seed-путей 1.
100000003132484100,terminal,0.450000,9,0.324411,Наблюдаемый конец маршрута. Вход 1: 90000.00 KZT; выход 0: 0.00 KZT; seed-путей 1.
100000004225615100,terminal,0.650000,9,0.324411,Наблюдаемый конец маршрута. Вход 1: 90000.00 KZT; выход 0: 0.00 KZT; seed-путей 1.
100000005061890100,terminal,0.450000,3,0.324411,Наблюдаемый конец маршрута. Вход 1: 90000.00 KZT; выход 0: 0.00 KZT; seed-путей 1.
100000005203590100,terminal,0.450000,7,0.324411,Наблюдаемый конец маршрута. Вход 1: 90000.00 KZT; выход 0: 0.00 KZT; seed-путей 1.
100000006523053100,terminal,0.450000,3,0.324115,Наблюдаемый конец маршрута. Вход 1: 5000.00 KZT; выход 0: 0.00 KZT; seed-путей 5.
100000003568904100,peripheral,0.200000,13,0.323496,Нет специфической роли. Вход 1: 49000.00 KZT; выход 0: 0.00 KZT; seed-путей 2. Граница выгрузки.
100000000945428100,terminal,0.450000,1,0.323200,Наблюдаемый конец маршрута. Вход 1: 89629.00 KZT; выход 0: 0.00 KZT; seed-путей 1.
100000004261340100,peripheral,0.200000,1,0.322823,Нет специфической роли. Вход 1: 48500.00 KZT; выход 0: 0.00 KZT; seed-путей 2. Граница выгрузки.
100000000600707100,peripheral,0.200000,36,0.322796,Нет специфической роли. Вход 1: 89000.00 KZT; выход 0: 0.00 KZT; seed-путей 1. Граница выгрузки.
100000000971908100,terminal,0.450000,7,0.322796,Наблюдаемый конец маршрута. Вход 1: 89000.00 KZT; выход 0: 0.00 KZT; seed-путей 1.
100000002983426100,terminal,0.450000,8,0.322527,Наблюдаемый конец маршрута. Вход 1: 88945.00 KZT; выход 0: 0.00 KZT; seed-путей 1.
100000002952631100,terminal,0.450000,5,0.322419,Наблюдаемый конец маршрута. Вход 1: 48050.00 KZT; выход 0: 0.00 KZT; seed-путей 2.
100000003951827100,peripheral,0.200000,1,0.322286,Нет специфической роли. Вход 1: 9000.00 KZT; выход 2: 17000.00 KZT; seed-путей 2.
100000002689717100,peripheral,0.200000,8,0.321881,Нет специфической роли. Вход 1: 47500.00 KZT; выход 0: 0.00 KZT; seed-путей 2. Граница выгрузки.
100000003125997100,peripheral,0.200000,10,0.321854,Нет специфической роли. Вход 1: 87750.00 KZT; выход 0: 0.00 KZT; seed-путей 1. Граница выгрузки.
100000003636627100,peripheral,0.200000,7,0.321450,Нет специфической роли. Вход 1: 77000.00 KZT; выход 1: 10000.00 KZT; seed-путей 1.
100000000607731100,peripheral,0.200000,29,0.321316,Нет специфической роли. Вход 1: 20000.00 KZT; выход 1: 66666.00 KZT; seed-путей 1.
100000004291560100,terminal,0.450000,1,0.321208,Наблюдаемый конец маршрута. Вход 1: 47190.00 KZT; выход 0: 0.00 KZT; seed-путей 2.
100000007020162100,terminal,0.450000,15,0.321181,Наблюдаемый конец маршрута. Вход 1: 86395.00 KZT; выход 0: 0.00 KZT; seed-путей 1.
100000003123296100,terminal,0.650000,11,0.321046,Наблюдаемый конец маршрута. Вход 1: 86200.00 KZT; выход 0: 0.00 KZT; seed-путей 1.
100000005093521100,terminal,0.450000,3,0.320993,Наблюдаемый конец маршрута. Вход 1: 15200.00 KZT; выход 0: 0.00 KZT; seed-путей 4.
100000001808684100,peripheral,0.200000,7,0.320912,Нет специфической роли. Вход 1: 48400.00 KZT; выход 1: 37700.00 KZT; seed-путей 1.
100000008748795100,terminal,0.450000,1,0.320670,Наблюдаемый конец маршрута. Вход 1: 47057.00 KZT; выход 0: 0.00 KZT; seed-путей 2.
100000001632325100,terminal,0.650000,2,0.320373,Наблюдаемый конец маршрута. Вход 1: 85600.00 KZT; выход 0: 0.00 KZT; seed-путей 1.
100000002926970100,terminal,0.450000,8,0.320104,Наблюдаемый конец маршрута. Вход 1: 85000.00 KZT; выход 0: 0.00 KZT; seed-путей 1.
100000003970394100,terminal,0.450000,11,0.320104,Наблюдаемый конец маршрута. Вход 1: 85000.00 KZT; выход 0: 0.00 KZT; seed-путей 1.
100000007793871100,terminal,0.650000,8,0.319485,Наблюдаемый конец маршрута. Вход 1: 26000.00 KZT; выход 0: 0.00 KZT; seed-путей 3.
100000002214664100,peripheral,0.200000,2,0.319297,Нет специфической роли. Вход 1: 7950.00 KZT; выход 1: 76950.00 KZT; seed-путей 1.
100000006595426100,terminal,0.650000,1,0.319162,Наблюдаемый конец маршрута. Вход 1: 84800.00 KZT; выход 0: 0.00 KZT; seed-путей 1.
100000002703376100,terminal,0.450000,1,0.319055,Наблюдаемый конец маршрута. Вход 1: 46501.00 KZT; выход 0: 0.00 KZT; seed-путей 2.
100000002934441100,terminal,0.650000,1,0.318796,Наблюдаемый конец маршрута. Вход 2: 60845.60 KZT; выход 0: 0.00 KZT; seed-путей 1.
100000008628818100,peripheral,0.200000,8,0.318785,Нет специфической роли. Вход 1: 46310.00 KZT; выход 0: 0.00 KZT; seed-путей 2. Граница выгрузки.
100000002662768100,terminal,0.450000,3,0.318624,Наблюдаемый конец маршрута. Вход 1: 84300.00 KZT; выход 0: 0.00 KZT; seed-путей 1.
100000004601193100,peripheral,0.200000,12,0.318489,Нет специфической роли. Вход 1: 84000.00 KZT; выход 0: 0.00 KZT; seed-путей 1. Граница выгрузки.
100000002870937100,terminal,0.450000,7,0.318220,Наблюдаемый конец маршрута. Вход 1: 83700.00 KZT; выход 0: 0.00 KZT; seed-путей 1.
100000001046057100,terminal,0.450000,10,0.318085,Наблюдаемый конец маршрута. Вход 1: 83420.00 KZT; выход 0: 0.00 KZT; seed-путей 1.
100000008349675100,peripheral,0.200000,7,0.317951,Нет специфической роли. Вход 1: 46520.00 KZT; выход 1: 36650.00 KZT; seed-путей 1.
100000008729597100,terminal,0.450000,4,0.317682,Наблюдаемый конец маршрута. Вход 1: 83090.00 KZT; выход 0: 0.00 KZT; seed-путей 1.
100000001130176100,terminal,0.650000,1,0.317601,Наблюдаемый конец маршрута. Вход 1: 25000.00 KZT; выход 0: 0.00 KZT; seed-путей 3.
100000005809252100,terminal,0.450000,6,0.317601,Наблюдаемый конец маршрута. Вход 1: 25000.00 KZT; выход 0: 0.00 KZT; seed-путей 3.
100000006679055100,terminal,0.450000,3,0.317601,Наблюдаемый конец маршрута. Вход 1: 25000.00 KZT; выход 0: 0.00 KZT; seed-путей 3.
100000007863304100,terminal,0.450000,6,0.317601,Наблюдаемый конец маршрута. Вход 1: 25000.00 KZT; выход 0: 0.00 KZT; seed-путей 3.
100000003061115100,peripheral,0.200000,1,0.317574,Нет специфической роли. Вход 1: 45000.00 KZT; выход 0: 0.00 KZT; seed-путей 2. Граница выгрузки.
100000003781406100,terminal,0.650000,11,0.317574,Наблюдаемый конец маршрута. Вход 1: 45000.00 KZT; выход 0: 0.00 KZT; seed-путей 2.
100000002391278100,peripheral,0.200000,27,0.317143,Нет специфической роли. Вход 1: 30000.00 KZT; выход 1: 52700.00 KZT; seed-путей 1.
100000007754369100,terminal,0.450000,1,0.316740,Наблюдаемый конец маршрута. Вход 1: 82424.00 KZT; выход 0: 0.00 KZT; seed-путей 1.
100000007267915100,peripheral,0.200000,17,0.316399,Нет специфической роли. Вход 2: 21000.00 KZT; выход 1: 10000.00 KZT; seed-путей 1.
100000002516862100,peripheral,0.200000,58,0.316201,Нет специфической роли. Вход 1: 81710.00 KZT; выход 0: 0.00 KZT; seed-путей 1. Граница выгрузки.
100000003865939100,terminal,0.450000,68,0.316067,Наблюдаемый конец маршрута. Вход 1: 81465.00 KZT; выход 0: 0.00 KZT; seed-путей 1.
100000007153161100,peripheral,0.200000,1,0.315690,Нет специфической роли. Вход 1: 44997.00 KZT; выход 0: 0.00 KZT; seed-путей 2. Граница выгрузки.
100000006901046100,peripheral,0.200000,5,0.315663,Нет специфической роли. Вход 1: 75800.00 KZT; выход 1: 5500.00 KZT; seed-путей 1.
100000002621434100,terminal,0.450000,9,0.315394,Наблюдаемый конец маршрута. Вход 1: 81000.00 KZT; выход 0: 0.00 KZT; seed-путей 1.
100000008432942100,terminal,0.650000,1,0.315286,Наблюдаемый конец маршрута. Вход 1: 44542.00 KZT; выход 0: 0.00 KZT; seed-путей 2.
100000002566204100,terminal,0.450000,8,0.315124,Наблюдаемый конец маршрута. Вход 1: 80805.00 KZT; выход 0: 0.00 KZT; seed-путей 1.
100000003561031100,peripheral,0.200000,4,0.314863,Нет специфической роли. Вход 1: 13300.00 KZT; выход 1: 5000.00 KZT; seed-путей 1.
100000004673335100,peripheral,0.200000,30,0.314855,Нет специфической роли. Вход 1: 80000.00 KZT; выход 0: 0.00 KZT; seed-путей 1. Граница выгрузки.
100000008673001100,peripheral,0.200000,20,0.314855,Нет специфической роли. Вход 1: 80000.00 KZT; выход 0: 0.00 KZT; seed-путей 1.
100000008251939100,peripheral,0.200000,8,0.314478,Нет специфической роли. Вход 1: 44360.00 KZT; выход 0: 0.00 KZT; seed-путей 2. Граница выгрузки.
100000003345947100,peripheral,0.200000,4,0.314317,Нет специфической роли. Вход 1: 79500.00 KZT; выход 0: 0.00 KZT; seed-путей 1. Граница выгрузки.
100000004094958100,transit,0.684527,47,0.314182,Признаки транзита. Вход 1: 39000.00 KZT; выход 1: 40000.00 KZT; seed-путей 1.
100000003232675100,peripheral,0.200000,13,0.314075,Нет специфической роли. Вход 1: 44000.00 KZT; выход 0: 0.00 KZT; seed-путей 2. Граница выгрузки.
100000007749092100,peripheral,0.200000,5,0.313913,Нет специфической роли. Вход 1: 7650.00 KZT; выход 1: 70375.00 KZT; seed-путей 1.
100000001952325100,terminal,0.650000,2,0.313779,Наблюдаемый конец маршрута. Вход 1: 77888.00 KZT; выход 0: 0.00 KZT; seed-путей 1.
100000005709551100,terminal,0.450000,13,0.313698,Наблюдаемый конец маршрута. Вход 1: 24560.00 KZT; выход 0: 0.00 KZT; seed-путей 3.
100000005628518100,terminal,0.650000,19,0.313644,Наблюдаемый конец маршрута. Вход 1: 77000.00 KZT; выход 0: 0.00 KZT; seed-путей 1.
100000008778010100,peripheral,0.200000,2,0.313375,Нет специфической роли. Вход 1: 76950.00 KZT; выход 0: 0.00 KZT; seed-путей 1. Граница выгрузки.
100000008737422100,terminal,0.450000,2,0.313240,Наблюдаемый конец маршрута. Вход 1: 76903.00 KZT; выход 0: 0.00 KZT; seed-путей 1.
100000003581109100,terminal,0.450000,1,0.312998,Наблюдаемый конец маршрута. Вход 1: 42750.00 KZT; выход 0: 0.00 KZT; seed-путей 2.
100000005931985100,terminal,0.450000,14,0.312971,Наблюдаемый конец маршрута. Вход 1: 76000.00 KZT; выход 0: 0.00 KZT; seed-путей 1.
100000008712827100,terminal,0.450000,2,0.312971,Наблюдаемый конец маршрута. Вход 1: 76000.00 KZT; выход 0: 0.00 KZT; seed-путей 1.
100000005497148100,peripheral,0.200000,6,0.312756,Нет специфической роли. Вход 1: 24000.00 KZT; выход 0: 0.00 KZT; seed-путей 3. Граница выгрузки.
100000008297199100,terminal,0.450000,1,0.312594,Наблюдаемый конец маршрута. Вход 1: 42268.00 KZT; выход 0: 0.00 KZT; seed-путей 2.
100000008703533100,peripheral,0.200000,10,0.312029,Нет специфической роли. Вход 1: 75000.00 KZT; выход 0: 0.00 KZT; seed-путей 1. Граница выгрузки.
100000001597505100,peripheral,0.200000,32,0.311973,Нет специфической роли. Вход 1: 26460.00 KZT; выход 1: 12920.00 KZT; seed-путей 1.
100000006490615100,peripheral,0.200000,13,0.311921,Нет специфической роли. Вход 1: 41600.00 KZT; выход 0: 0.00 KZT; seed-путей 2. Граница выгрузки.
100000006048193100,terminal,0.450000,1,0.311787,Наблюдаемый конец маршрута. Вход 1: 41559.00 KZT; выход 0: 0.00 KZT; seed-путей 2.
100000004500781100,peripheral,0.200000,15,0.311356,Нет специфической роли. Вход 1: 74000.00 KZT; выход 0: 0.00 KZT; seed-путей 1. Граница выгрузки.
100000004792397100,terminal,0.450000,2,0.311087,Наблюдаемый конец маршрута. Вход 1: 73520.00 KZT; выход 0: 0.00 KZT; seed-путей 1.
100000004580254100,terminal,0.650000,17,0.310985,Наблюдаемый конец маршрута. Вход 2: 27940.00 KZT; выход 0: 0.00 KZT; seed-путей 1.
100000008718811100,terminal,0.450000,2,0.310952,Наблюдаемый конец маршрута. Вход 1: 73300.00 KZT; выход 0: 0.00 KZT; seed-путей 1.
100000006030946100,terminal,0.450000,2,0.310818,Наблюдаемый конец маршрута. Вход 1: 73289.00 KZT; выход 0: 0.00 KZT; seed-путей 1.
100000003831201100,terminal,0.650000,1,0.310710,Наблюдаемый конец маршрута. Вход 1: 40500.00 KZT; выход 0: 0.00 KZT; seed-путей 2.
100000002488629100,terminal,0.450000,7,0.310683,Наблюдаемый конец маршрута. Вход 1: 73050.00 KZT; выход 0: 0.00 KZT; seed-путей 1.
100000002757791100,terminal,0.450000,27,0.310683,Наблюдаемый конец маршрута. Вход 1: 73050.00 KZT; выход 0: 0.00 KZT; seed-путей 1.
100000008737958100,terminal,0.650000,2,0.310452,Наблюдаемый конец маршрута. Вход 2: 53373.00 KZT; выход 0: 0.00 KZT; seed-путей 1.
100000004890713100,peripheral,0.200000,8,0.310441,Нет специфической роли. Вход 1: 40485.00 KZT; выход 0: 0.00 KZT; seed-путей 2. Граница выгрузки.
100000007333038100,peripheral,0.200000,14,0.309996,Нет специфической роли. Вход 1: 17500.00 KZT; выход 2: 34994.00 KZT; seed-путей 1.
100000001220124100,peripheral,0.200000,4,0.309902,Нет специфической роли. Вход 1: 40000.00 KZT; выход 0: 0.00 KZT; seed-путей 2. Граница выгрузки.
100000003091142100,peripheral,0.200000,1,0.309902,Нет специфической роли. Вход 1: 40000.00 KZT; выход 0: 0.00 KZT; seed-путей 2. Граница выгрузки.
100000003943247100,terminal,0.450000,1,0.309902,Наблюдаемый конец маршрута. Вход 1: 40000.00 KZT; выход 0: 0.00 KZT; seed-путей 2.
100000006351075100,peripheral,0.200000,39,0.309902,Нет специфической роли. Вход 1: 40000.00 KZT; выход 0: 0.00 KZT; seed-путей 2. Граница выгрузки.
100000001052789100,terminal,0.450000,19,0.309876,Наблюдаемый конец маршрута. Вход 1: 70975.00 KZT; выход 0: 0.00 KZT; seed-путей 1.
100000001380986100,terminal,0.450000,9,0.309472,Наблюдаемый конец маршрута. Вход 1: 70170.00 KZT; выход 0: 0.00 KZT; seed-путей 1.
100000001853812100,terminal,0.450000,4,0.309068,Наблюдаемый конец маршрута. Вход 1: 70000.00 KZT; выход 0: 0.00 KZT; seed-путей 1.
100000004030553100,peripheral,0.200000,4,0.309068,Нет специфической роли. Вход 1: 70000.00 KZT; выход 0: 0.00 KZT; seed-путей 1. Граница выгрузки.
100000005877725100,terminal,0.450000,2,0.309068,Наблюдаемый конец маршрута. Вход 1: 70000.00 KZT; выход 0: 0.00 KZT; seed-путей 1.
100000006008169100,terminal,0.450000,11,0.309068,Наблюдаемый конец маршрута. Вход 1: 70000.00 KZT; выход 0: 0.00 KZT; seed-путей 1.
100000006257675100,peripheral,0.200000,21,0.309068,Нет специфической роли. Вход 1: 70000.00 KZT; выход 0: 0.00 KZT; seed-путей 1. Граница выгрузки.
100000008027922100,peripheral,0.200000,22,0.309068,Нет специфической роли. Вход 1: 70000.00 KZT; выход 0: 0.00 KZT; seed-путей 1. Граница выгрузки.
100000006641671100,transit,0.326726,4,0.308827,Признаки транзита. Вход 2: 22000.00 KZT; выход 1: 25000.00 KZT; seed-путей 1.
100000003039473100,terminal,0.450000,5,0.308449,Наблюдаемый конец маршрута. Вход 1: 23000.00 KZT; выход 0: 0.00 KZT; seed-путей 3.
100000008097580100,terminal,0.650000,4,0.307619,Наблюдаемый конец маршрута. Вход 2: 32000.00 KZT; выход 0: 0.00 KZT; seed-путей 1.
100000008776420100,terminal,0.450000,2,0.307587,Наблюдаемый конец маршрута. Вход 1: 69500.00 KZT; выход 0: 0.00 KZT; seed-путей 1.
100000003133045100,peripheral,0.200000,50,0.307318,Нет специфической роли. Вход 1: 68000.00 KZT; выход 0: 0.00 KZT; seed-путей 1. Граница выгрузки.
100000004747154100,peripheral,0.200000,50,0.306780,Нет специфической роли. Вход 1: 67000.00 KZT; выход 0: 0.00 KZT; seed-путей 1. Граница выгрузки.
100000005142492100,peripheral,0.200000,7,0.306780,Нет специфической роли. Вход 1: 10000.00 KZT; выход 1: 57000.00 KZT; seed-путей 1.
100000002188586100,peripheral,0.200000,8,0.306538,Нет специфической роли. Вход 1: 38310.00 KZT; выход 0: 0.00 KZT; seed-путей 2. Граница выгрузки.
100000005939154100,terminal,0.650000,5,0.306430,Наблюдаемый конец маршрута. Вход 1: 22000.00 KZT; выход 0: 0.00 KZT; seed-путей 3.
100000004192865100,terminal,0.450000,29,0.306242,Наблюдаемый конец маршрута. Вход 1: 66666.00 KZT; выход 0: 0.00 KZT; seed-путей 1.
100000005052998100,peripheral,0.200000,1,0.305999,Нет специфической роли. Вход 1: 9500.00 KZT; выход 1: 28400.00 KZT; seed-путей 2.
100000008712991100,terminal,0.450000,2,0.305703,Наблюдаемый конец маршрута. Вход 1: 66100.00 KZT; выход 0: 0.00 KZT; seed-путей 1.
100000004713684100,terminal,0.450000,1,0.305596,Наблюдаемый конец маршрута. Вход 1: 37500.00 KZT; выход 0: 0.00 KZT; seed-путей 2.
100000002236528100,terminal,0.450000,7,0.305569,Наблюдаемый конец маршрута. Вход 1: 66000.00 KZT; выход 0: 0.00 KZT; seed-путей 1.
100000000831684100,peripheral,0.200000,11,0.305165,Нет специфической роли. Вход 1: 15000.00 KZT; выход 1: 50000.00 KZT; seed-путей 1.
100000002199091100,terminal,0.450000,2,0.305165,Наблюдаемый конец маршрута. Вход 1: 65000.00 KZT; выход 0: 0.00 KZT; seed-путей 1.
100000002511825100,terminal,0.450000,1,0.305165,Наблюдаемый конец маршрута. Вход 1: 65000.00 KZT; выход 0: 0.00 KZT; seed-путей 1.
100000002863356100,peripheral,0.200000,2,0.305165,Нет специфической роли. Вход 1: 45000.00 KZT; выход 1: 20000.00 KZT; seed-путей 1.
100000004066370100,peripheral,0.200000,36,0.305165,Нет специфической роли. Вход 1: 65000.00 KZT; выход 0: 0.00 KZT; seed-путей 1. Граница выгрузки.
100000004400361100,terminal,0.450000,5,0.304976,Наблюдаемый конец маршрута. Вход 1: 10000.00 KZT; выход 0: 0.00 KZT; seed-путей 4.
100000006557763100,terminal,0.450000,3,0.304976,Наблюдаемый конец маршрута. Вход 1: 10000.00 KZT; выход 0: 0.00 KZT; seed-путей 4.
100000003500764100,peripheral,0.200000,17,0.304815,Нет специфической роли. Вход 1: 21000.00 KZT; выход 0: 0.00 KZT; seed-путей 3. Граница выгрузки.
100000005608515100,terminal,0.650000,7,0.303819,Наблюдаемый конец маршрута. Вход 1: 64000.00 KZT; выход 0: 0.00 KZT; seed-путей 1.
100000006111442100,terminal,0.450000,10,0.303819,Наблюдаемый конец маршрута. Вход 1: 64000.00 KZT; выход 0: 0.00 KZT; seed-путей 1.
100000006989106100,terminal,0.650000,7,0.303819,Наблюдаемый конец маршрута. Вход 1: 64000.00 KZT; выход 0: 0.00 KZT; seed-путей 1.
100000001677389100,peripheral,0.200000,17,0.303740,Нет специфической роли. Вход 1: 11000.00 KZT; выход 1: 5400.00 KZT; seed-путей 1.
100000006706519100,peripheral,0.200000,1,0.303308,Нет специфической роли. Вход 1: 36000.00 KZT; выход 0: 0.00 KZT; seed-путей 2. Граница выгрузки.
100000008491390100,terminal,0.450000,1,0.303308,Наблюдаемый конец маршрута. Вход 1: 36000.00 KZT; выход 0: 0.00 KZT; seed-путей 2.
100000001286703100,peripheral,0.200000,38,0.303200,Нет специфической роли. Вход 1: 20500.00 KZT; выход 0: 0.00 KZT; seed-путей 3. Граница выгрузки.
100000001229743100,peripheral,0.200000,1,0.303067,Нет специфической роли. Вход 1: 7000.00 KZT; выход 1: 9000.00 KZT; seed-путей 1.
100000003567087100,terminal,0.450000,2,0.302877,Наблюдаемый конец маршрута. Вход 1: 62115.00 KZT; выход 0: 0.00 KZT; seed-путей 1.
100000000673915100,peripheral,0.200000,35,0.302796,Нет специфической роли. Вход 1: 20200.00 KZT; выход 0: 0.00 KZT; seed-путей 3. Граница выгрузки.
100000004070530100,peripheral,0.200000,38,0.302392,Нет специфической роли. Вход 1: 20000.00 KZT; выход 0: 0.00 KZT; seed-путей 3. Граница выгрузки.
100000004629688100,peripheral,0.200000,16,0.302392,Нет специфической роли. Вход 1: 5000.00 KZT; выход 1: 15000.00 KZT; seed-путей 3.
100000002844652100,terminal,0.450000,7,0.302204,Наблюдаемый конец маршрута. Вход 1: 61360.00 KZT; выход 0: 0.00 KZT; seed-путей 1.
100000005979037100,peripheral,0.200000,4,0.301800,Нет специфической роли. Вход 1: 60300.00 KZT; выход 0: 0.00 KZT; seed-путей 1. Граница выгрузки.
100000008652094100,terminal,0.450000,1,0.301692,Наблюдаемый конец маршрута. Вход 1: 35000.00 KZT; выход 0: 0.00 KZT; seed-путей 2.
100000002242066100,peripheral,0.200000,34,0.301666,Нет специфической роли. Вход 1: 60000.00 KZT; выход 0: 0.00 KZT; seed-путей 1. Граница выгрузки.
100000002404112100,peripheral,0.200000,26,0.301666,Нет специфической роли. Вход 1: 60000.00 KZT; выход 0: 0.00 KZT; seed-путей 1. Граница выгрузки.
100000003192220100,terminal,0.650000,53,0.301666,Наблюдаемый конец маршрута. Вход 1: 60000.00 KZT; выход 0: 0.00 KZT; seed-путей 1.
100000003942602100,transit,0.752211,2,0.301666,Признаки транзита. Вход 1: 30000.00 KZT; выход 1: 30000.00 KZT; seed-путей 1.
100000008765627100,terminal,0.450000,7,0.301666,Наблюдаемый конец маршрута. Вход 1: 60000.00 KZT; выход 0: 0.00 KZT; seed-путей 1.
100000008774237100,peripheral,0.200000,24,0.301666,Нет специфической роли. Вход 1: 50000.00 KZT; выход 1: 10000.00 KZT; seed-путей 1.
100000003148220100,peripheral,0.200000,57,0.301517,Нет специфической роли. Вход 1: 5650.00 KZT; выход 2: 43400.00 KZT; seed-путей 1.
100000005620225100,terminal,0.650000,1,0.301300,Наблюдаемый конец маршрута. Вход 2: 49845.66 KZT; выход 0: 0.00 KZT; seed-путей 1.
100000002478829100,peripheral,0.200000,21,0.299539,Нет специфической роли. Вход 1: 34000.00 KZT; выход 0: 0.00 KZT; seed-путей 2. Граница выгрузки.
100000007484343100,terminal,0.650000,1,0.299308,Наблюдаемый конец маршрута. Вход 2: 26757.00 KZT; выход 0: 0.00 KZT; seed-путей 2.
100000008757301100,peripheral,0.200000,1,0.298839,Нет специфической роли. Вход 1: 58398.00 KZT; выход 0: 0.00 KZT; seed-путей 1. Граница выгрузки.
100000003247600100,peripheral,0.200000,3,0.298570,Нет специфической роли. Вход 1: 58000.00 KZT; выход 0: 0.00 KZT; seed-путей 1. Граница выгрузки.
100000002845605100,terminal,0.450000,1,0.298301,Наблюдаемый конец маршрута. Вход 1: 57567.00 KZT; выход 0: 0.00 KZT; seed-путей 1.
100000002380341100,terminal,0.450000,1,0.298166,Наблюдаемый конец маршрута. Вход 1: 57566.40 KZT; выход 0: 0.00 KZT; seed-путей 1.
100000008028628100,terminal,0.450000,2,0.297762,Наблюдаемый конец маршрута. Вход 1: 57224.00 KZT; выход 0: 0.00 KZT; seed-путей 1.
100000004526651100,peripheral,0.200000,9,0.297655,Нет специфической роли. Вход 1: 33000.00 KZT; выход 0: 0.00 KZT; seed-путей 2. Граница выгрузки.
100000002737980100,terminal,0.450000,5,0.297386,Наблюдаемый конец маршрута. Вход 1: 32900.00 KZT; выход 0: 0.00 KZT; seed-путей 2.
100000002305007100,terminal,0.450000,2,0.297359,Наблюдаемый конец маршрута. Вход 1: 56000.00 KZT; выход 0: 0.00 KZT; seed-путей 1.
100000002864680100,terminal,0.450000,11,0.297224,Наблюдаемый конец маршрута. Вход 1: 55932.00 KZT; выход 0: 0.00 KZT; seed-путей 1.
100000002891765100,terminal,0.450000,15,0.296955,Наблюдаемый конец маршрута. Вход 1: 55576.00 KZT; выход 0: 0.00 KZT; seed-путей 1.
100000008745489100,terminal,0.450000,2,0.296820,Наблюдаемый конец маршрута. Вход 1: 55539.00 KZT; выход 0: 0.00 KZT; seed-путей 1.
100000001379511100,terminal,0.450000,10,0.296551,Наблюдаемый конец маршрута. Вход 1: 55000.00 KZT; выход 0: 0.00 KZT; seed-путей 1.
100000002217806100,peripheral,0.200000,37,0.296551,Нет специфической роли. Вход 1: 55000.00 KZT; выход 0: 0.00 KZT; seed-путей 1. Граница выгрузки.
100000002852402100,terminal,0.450000,16,0.296551,Наблюдаемый конец маршрута. Вход 1: 55000.00 KZT; выход 0: 0.00 KZT; seed-путей 1.
100000008259451100,terminal,0.450000,15,0.296551,Наблюдаемый конец маршрута. Вход 1: 55000.00 KZT; выход 0: 0.00 KZT; seed-путей 1.
100000008736760100,terminal,0.450000,2,0.295609,Наблюдаемый конец маршрута. Вход 1: 54757.00 KZT; выход 0: 0.00 KZT; seed-путей 1.
100000002702968100,peripheral,0.200000,8,0.295367,Нет специфической роли. Вход 1: 31600.00 KZT; выход 0: 0.00 KZT; seed-путей 2. Граница выгрузки.
100000008405209100,terminal,0.450000,17,0.295340,Наблюдаемый конец маршрута. Вход 1: 54400.00 KZT; выход 0: 0.00 KZT; seed-путей 1.
100000008008463100,terminal,0.450000,7,0.295071,Наблюдаемый конец маршрута. Вход 1: 54180.00 KZT; выход 0: 0.00 KZT; seed-путей 1.
100000008116374100,terminal,0.450000,5,0.294828,Наблюдаемый конец маршрута. Вход 1: 31284.00 KZT; выход 0: 0.00 KZT; seed-путей 2.
100000003024542100,terminal,0.450000,3,0.294209,Наблюдаемый конец маршрута. Вход 1: 8500.00 KZT; выход 0: 0.00 KZT; seed-путей 4.
100000006888238100,peripheral,0.200000,57,0.294119,Нет специфической роли. Вход 1: 18000.00 KZT; выход 1: 30000.00 KZT; seed-путей 1.
100000000533217100,terminal,0.450000,1,0.293994,Наблюдаемый конец маршрута. Вход 1: 53587.00 KZT; выход 0: 0.00 KZT; seed-путей 1.
100000001696818100,terminal,0.450000,3,0.293859,Наблюдаемый конец маршрута. Вход 1: 53550.00 KZT; выход 0: 0.00 KZT; seed-путей 1.
100000005940652100,terminal,0.450000,10,0.293806,Наблюдаемый конец маршрута. Вход 1: 8395.00 KZT; выход 0: 0.00 KZT; seed-путей 4.
100000008219168100,terminal,0.650000,7,0.293590,Наблюдаемый конец маршрута. Вход 1: 53200.00 KZT; выход 0: 0.00 KZT; seed-путей 1.
100000001130553100,peripheral,0.200000,6,0.293509,Нет специфической роли. Вход 1: 18000.00 KZT; выход 0: 0.00 KZT; seed-путей 3. Граница выгрузки.
100000001251686100,terminal,0.450000,3,0.293509,Наблюдаемый конец маршрута. Вход 1: 18000.00 KZT; выход 0: 0.00 KZT; seed-путей 3.
100000002660298100,peripheral,0.200000,8,0.293483,Нет специфической роли. Вход 1: 30900.00 KZT; выход 0: 0.00 KZT; seed-путей 2. Граница выгрузки.
100000008746673100,terminal,0.450000,2,0.293321,Наблюдаемый конец маршрута. Вход 1: 53048.00 KZT; выход 0: 0.00 KZT; seed-путей 1.
100000004984689100,terminal,0.450000,4,0.293186,Наблюдаемый конец маршрута. Вход 1: 53030.00 KZT; выход 0: 0.00 KZT; seed-путей 1.
100000001684867100,terminal,0.450000,5,0.293079,Наблюдаемый конец маршрута. Вход 1: 30550.00 KZT; выход 0: 0.00 KZT; seed-путей 2.
100000001241318100,terminal,0.450000,1,0.293052,Наблюдаемый конец маршрута. Вход 1: 53000.00 KZT; выход 0: 0.00 KZT; seed-путей 1.
100000004321983100,peripheral,0.200000,27,0.292862,Нет специфической роли. Вход 1: 10840.00 KZT; выход 2: 36200.00 KZT; seed-путей 1.
100000004921657100,peripheral,0.200000,3,0.292810,Нет специфической роли. Вход 1: 8300.00 KZT; выход 1: 22190.00 KZT; seed-путей 2.
100000003097947100,peripheral,0.200000,4,0.292513,Нет специфической роли. Вход 1: 52980.00 KZT; выход 0: 0.00 KZT; seed-путей 1. Граница выгрузки.
100000002613776100,terminal,0.650000,3,0.292406,Наблюдаемый конец маршрута. Вход 1: 30000.00 KZT; выход 0: 0.00 KZT; seed-путей 2.
100000008655035100,terminal,0.450000,7,0.292406,Наблюдаемый конец маршрута. Вход 1: 30000.00 KZT; выход 0: 0.00 KZT; seed-путей 2.
100000006894637100,terminal,0.450000,1,0.292379,Наблюдаемый конец маршрута. Вход 1: 52831.00 KZT; выход 0: 0.00 KZT; seed-путей 1.
100000008493007100,transit,0.745355,2,0.291975,Признаки транзита. Вход 1: 26150.00 KZT; выход 1: 26150.00 KZT; seed-путей 1.
100000007303047100,terminal,0.450000,2,0.291841,Наблюдаемый конец маршрута. Вход 1: 52250.00 KZT; выход 0: 0.00 KZT; seed-путей 1.
100000004257714100,terminal,0.450000,2,0.291706,Наблюдаемый конец маршрута. Вход 1: 52220.00 KZT; выход 0: 0.00 KZT; seed-путей 1.
100000004841728100,terminal,0.450000,2,0.291571,Наблюдаемый конец маршрута. Вход 1: 52208.00 KZT; выход 0: 0.00 KZT; seed-путей 1.
100000008684452100,terminal,0.450000,2,0.291033,Наблюдаемый конец маршрута. Вход 1: 51800.00 KZT; выход 0: 0.00 KZT; seed-путей 1.
100000002691858100,terminal,0.450000,32,0.290898,Наблюдаемый конец маршрута. Вход 1: 51500.00 KZT; выход 0: 0.00 KZT; seed-путей 1.
100000004336228100,terminal,0.650000,4,0.290629,Наблюдаемый конец маршрута. Вход 1: 51407.00 KZT; выход 0: 0.00 KZT; seed-путей 1.
100000008680912100,peripheral,0.200000,1,0.290225,Нет специфической роли. Вход 1: 45112.00 KZT; выход 1: 5990.85 KZT; seed-путей 1.
100000002489253100,terminal,0.450000,5,0.290091,Наблюдаемый конец маршрута. Вход 1: 51000.00 KZT; выход 0: 0.00 KZT; seed-путей 1.
100000004066647100,terminal,0.450000,19,0.290091,Наблюдаемый конец маршрута. Вход 1: 51000.00 KZT; выход 0: 0.00 KZT; seed-путей 1.
100000008304115100,terminal,0.450000,11,0.290091,Наблюдаемый конец маршрута. Вход 1: 51000.00 KZT; выход 0: 0.00 KZT; seed-путей 1.
100000008043184100,terminal,0.450000,17,0.289418,Наблюдаемый конец маршрута. Вход 1: 50564.00 KZT; выход 0: 0.00 KZT; seed-путей 1.
100000003899325100,terminal,0.450000,4,0.288745,Наблюдаемый конец маршрута. Вход 1: 50120.00 KZT; выход 0: 0.00 KZT; seed-путей 1.
100000000795374100,terminal,0.450000,4,0.288476,Наблюдаемый конец маршрута. Вход 1: 50000.00 KZT; выход 0: 0.00 KZT; seed-путей 1.
100000001250022100,terminal,0.450000,7,0.288476,Наблюдаемый конец маршрута. Вход 1: 50000.00 KZT; выход 0: 0.00 KZT; seed-путей 1.
100000001550388100,terminal,0.450000,1,0.288476,Наблюдаемый конец маршрута. Вход 1: 50000.00 KZT; выход 0: 0.00 KZT; seed-путей 1.
100000001745217100,terminal,0.450000,1,0.288476,Наблюдаемый конец маршрута. Вход 1: 50000.00 KZT; выход 0: 0.00 KZT; seed-путей 1.
100000002369443100,terminal,0.450000,2,0.288476,Наблюдаемый конец маршрута. Вход 1: 50000.00 KZT; выход 0: 0.00 KZT; seed-путей 1.
100000002713974100,peripheral,0.200000,4,0.288476,Нет специфической роли. Вход 1: 50000.00 KZT; выход 0: 0.00 KZT; seed-путей 1. Граница выгрузки.
100000002842337100,terminal,0.450000,7,0.288476,Наблюдаемый конец маршрута. Вход 1: 50000.00 KZT; выход 0: 0.00 KZT; seed-путей 1.
100000003711830100,terminal,0.450000,4,0.288476,Наблюдаемый конец маршрута. Вход 1: 50000.00 KZT; выход 0: 0.00 KZT; seed-путей 1.
100000003922499100,terminal,0.450000,11,0.288476,Наблюдаемый конец маршрута. Вход 1: 50000.00 KZT; выход 0: 0.00 KZT; seed-путей 1.
100000004491749100,terminal,0.450000,7,0.288476,Наблюдаемый конец маршрута. Вход 1: 50000.00 KZT; выход 0: 0.00 KZT; seed-путей 1.
100000005189258100,peripheral,0.200000,6,0.288476,Нет специфической роли. Вход 1: 50000.00 KZT; выход 0: 0.00 KZT; seed-путей 1. Граница выгрузки.
100000006687202100,terminal,0.450000,1,0.288476,Наблюдаемый конец маршрута. Вход 1: 50000.00 KZT; выход 0: 0.00 KZT; seed-путей 1.
100000007749747100,peripheral,0.200000,10,0.288476,Нет специфической роли. Вход 1: 50000.00 KZT; выход 0: 0.00 KZT; seed-путей 1. Граница выгрузки.
100000007811950100,peripheral,0.200000,25,0.288476,Нет специфической роли. Вход 1: 50000.00 KZT; выход 0: 0.00 KZT; seed-путей 1. Граница выгрузки.
100000008772058100,terminal,0.450000,2,0.288476,Наблюдаемый конец маршрута. Вход 1: 50000.00 KZT; выход 0: 0.00 KZT; seed-путей 1.
100000008717375100,terminal,0.450000,3,0.288099,Наблюдаемый конец маршрута. Вход 1: 29506.00 KZT; выход 0: 0.00 KZT; seed-путей 2.
100000001114385100,terminal,0.450000,3,0.287964,Наблюдаемый конец маршрута. Вход 1: 29500.00 KZT; выход 0: 0.00 KZT; seed-путей 2.
100000008762728100,terminal,0.450000,5,0.287857,Наблюдаемый конец маршрута. Вход 1: 17026.00 KZT; выход 0: 0.00 KZT; seed-путей 3.
100000002812641100,peripheral,0.200000,9,0.287722,Нет специфической роли. Вход 1: 10000.00 KZT; выход 1: 7023.95 KZT; seed-путей 3.
100000005395727100,peripheral,0.200000,16,0.287587,Нет специфической роли. Вход 1: 17000.00 KZT; выход 0: 0.00 KZT; seed-путей 3.
100000002861485100,terminal,0.450000,5,0.287561,Наблюдаемый конец маршрута. Вход 1: 29323.00 KZT; выход 0: 0.00 KZT; seed-путей 2.
100000003040087100,peripheral,0.200000,8,0.287291,Нет специфической роли. Вход 1: 29000.00 KZT; выход 0: 0.00 KZT; seed-путей 2. Граница выгрузки.
100000002727288100,terminal,0.450000,16,0.285434,Наблюдаемый конец маршрута. Вход 1: 16000.00 KZT; выход 0: 0.00 KZT; seed-путей 3.
100000001270470100,peripheral,0.200000,1,0.285407,Нет специфической роли. Вход 1: 28300.00 KZT; выход 0: 0.00 KZT; seed-путей 2. Граница выгрузки.
100000002506987100,peripheral,0.200000,8,0.285138,Нет специфической роли. Вход 1: 28200.00 KZT; выход 0: 0.00 KZT; seed-путей 2. Граница выгрузки.
100000007641183100,terminal,0.450000,5,0.285003,Наблюдаемый конец маршрута. Вход 1: 28000.00 KZT; выход 0: 0.00 KZT; seed-путей 2.
100000008713685100,terminal,0.450000,2,0.284303,Наблюдаемый конец маршрута. Вход 1: 49700.00 KZT; выход 0: 0.00 KZT; seed-путей 1.
100000004241142100,peripheral,0.200000,1,0.284196,Нет специфической роли. Вход 1: 27102.00 KZT; выход 0: 0.00 KZT; seed-путей 2. Граница выгрузки.
100000008782421100,terminal,0.450000,2,0.284169,Наблюдаемый конец маршрута. Вход 1: 49680.00 KZT; выход 0: 0.00 KZT; seed-путей 1.
100000004770073100,transit,0.678464,1,0.284090,Признаки транзита. Вход 1: 5462.40 KZT; выход 1: 5466.97 KZT; seed-путей 1.
100000001415126100,peripheral,0.200000,20,0.284061,Нет специфической роли. Вход 1: 27000.00 KZT; выход 0: 0.00 KZT; seed-путей 2.
100000004788983100,peripheral,0.200000,1,0.284061,Нет специфической роли. Вход 1: 27000.00 KZT; выход 0: 0.00 KZT; seed-путей 2. Граница выгрузки.
100000001279875100,terminal,0.450000,14,0.284034,Наблюдаемый конец маршрута. Вход 1: 49235.00 KZT; выход 0: 0.00 KZT; seed-путей 1.
100000008557672100,terminal,0.450000,2,0.283900,Наблюдаемый конец маршрута. Вход 1: 49125.00 KZT; выход 0: 0.00 KZT; seed-путей 1.
100000007597382100,terminal,0.450000,6,0.283684,Наблюдаемый конец маршрута. Вход 1: 15700.00 KZT; выход 0: 0.00 KZT; seed-путей 3.
100000004549591100,peripheral,0.200000,37,0.283496,Нет специфической роли. Вход 1: 49000.00 KZT; выход 0: 0.00 KZT; seed-путей 1. Граница выгрузки.
100000008677518100,terminal,0.450000,2,0.283092,Наблюдаемый конец маршрута. Вход 1: 48700.00 KZT; выход 0: 0.00 KZT; seed-путей 1.
100000006527156100,peripheral,0.200000,45,0.282823,Нет специфической роли. Вход 1: 48500.00 KZT; выход 0: 0.00 KZT; seed-путей 1. Граница выгрузки.
100000001597424100,terminal,0.450000,15,0.282554,Наблюдаемый конец маршрута. Вход 1: 48100.00 KZT; выход 0: 0.00 KZT; seed-путей 1.
100000007018630100,peripheral,0.200000,60,0.282272,Нет специфической роли. Вход 0: 0.00 KZT; выход 1: 200000.00 KZT; seed-путей 0.
100000000572276100,peripheral,0.200000,2,0.282015,Нет специфической роли. Вход 1: 13075.00 KZT; выход 1: 34547.00 KZT; seed-путей 1.
100000002750956100,terminal,0.450000,1,0.281746,Наблюдаемый конец маршрута. Вход 1: 47416.00 KZT; выход 0: 0.00 KZT; seed-путей 1.
100000002862113100,terminal,0.650000,15,0.281612,Наблюдаемый конец маршрута. Вход 1: 47405.00 KZT; выход 0: 0.00 KZT; seed-путей 1.
100000005961971100,terminal,0.450000,2,0.281477,Наблюдаемый конец маршрута. Вход 1: 47353.00 KZT; выход 0: 0.00 KZT; seed-путей 1.
100000008749618100,terminal,0.450000,2,0.281343,Наблюдаемый конец маршрута. Вход 1: 47280.00 KZT; выход 0: 0.00 KZT; seed-путей 1.
100000006249740100,peripheral,0.200000,52,0.281310,Нет специфической роли. Вход 0: 0.00 KZT; выход 3: 93007.00 KZT; seed-путей 0.
100000001138376100,terminal,0.450000,16,0.281262,Наблюдаемый конец маршрута. Вход 1: 15300.00 KZT; выход 0: 0.00 KZT; seed-путей 3.
100000001160401100,terminal,0.650000,1,0.281208,Наблюдаемый конец маршрута. Вход 1: 47190.00 KZT; выход 0: 0.00 KZT; seed-путей 1.
100000008745725100,terminal,0.450000,2,0.280939,Наблюдаемый конец маршрута. Вход 1: 47060.00 KZT; выход 0: 0.00 KZT; seed-путей 1.
100000008768896100,terminal,0.450000,2,0.280939,Наблюдаемый конец маршрута. Вход 1: 47060.00 KZT; выход 0: 0.00 KZT; seed-путей 1.
100000002945031100,terminal,0.450000,13,0.280723,Наблюдаемый конец маршрута. Вход 1: 15000.00 KZT; выход 0: 0.00 KZT; seed-путей 3.
100000002952756100,terminal,0.450000,8,0.280266,Наблюдаемый конец маршрута. Вход 1: 47000.00 KZT; выход 0: 0.00 KZT; seed-путей 1.
100000004584730100,peripheral,0.200000,43,0.280266,Нет специфической роли. Вход 1: 47000.00 KZT; выход 0: 0.00 KZT; seed-путей 1. Граница выгрузки.
100000000961900100,terminal,0.650000,1,0.280035,Наблюдаемый конец маршрута. Вход 2: 36000.00 KZT; выход 0: 0.00 KZT; seed-путей 1.
100000002301828100,terminal,0.450000,17,0.279727,Наблюдаемый конец маршрута. Вход 1: 46977.00 KZT; выход 0: 0.00 KZT; seed-путей 1.
100000008071620100,terminal,0.450000,1,0.279593,Наблюдаемый конец маршрута. Вход 1: 46968.00 KZT; выход 0: 0.00 KZT; seed-путей 1.
100000001429930100,peripheral,0.200000,13,0.279485,Нет специфической роли. Вход 1: 26000.00 KZT; выход 0: 0.00 KZT; seed-путей 2.
100000002838519100,terminal,0.450000,15,0.279458,Наблюдаемый конец маршрута. Вход 1: 46900.00 KZT; выход 0: 0.00 KZT; seed-путей 1.
100000003016773100,terminal,0.450000,10,0.279189,Наблюдаемый конец маршрута. Вход 1: 46555.00 KZT; выход 0: 0.00 KZT; seed-путей 1.
100000001549194100,terminal,0.450000,15,0.278920,Наблюдаемый конец маршрута. Вход 1: 46500.00 KZT; выход 0: 0.00 KZT; seed-путей 1.
100000004741837100,terminal,0.450000,5,0.278812,Наблюдаемый конец маршрута. Вход 1: 25596.00 KZT; выход 0: 0.00 KZT; seed-путей 2.
100000008436257100,terminal,0.650000,17,0.278420,Наблюдаемый конец маршрута. Вход 2: 35000.00 KZT; выход 0: 0.00 KZT; seed-путей 1.
100000004096559100,terminal,0.450000,7,0.278382,Наблюдаемый конец маршрута. Вход 1: 46200.00 KZT; выход 0: 0.00 KZT; seed-путей 1.
100000004674412100,peripheral,0.200000,12,0.278247,Нет специфической роли. Вход 1: 46000.00 KZT; выход 0: 0.00 KZT; seed-путей 1. Граница выгрузки.
100000007539296100,peripheral,0.200000,6,0.278247,Нет специфической роли. Вход 1: 46000.00 KZT; выход 0: 0.00 KZT; seed-путей 1. Граница выгрузки.
100000008575624100,peripheral,0.200000,47,0.277945,Нет специфической роли. Вход 0: 0.00 KZT; выход 3: 89500.00 KZT; seed-путей 0.
100000002194329100,terminal,0.450000,1,0.277870,Наблюдаемый конец маршрута. Вход 1: 25170.00 KZT; выход 0: 0.00 KZT; seed-путей 2.
100000008754747100,terminal,0.450000,2,0.277709,Наблюдаемый конец маршрута. Вход 1: 45500.00 KZT; выход 0: 0.00 KZT; seed-путей 1.
100000003888271100,peripheral,0.200000,42,0.277699,Нет специфической роли. Вход 1: 12177.00 KZT; выход 2: 25590.00 KZT; seed-путей 1.
100000000560751100,terminal,0.450000,13,0.277601,Наблюдаемый конец маршрута. Вход 1: 25000.00 KZT; выход 0: 0.00 KZT; seed-путей 2.
100000002229615100,peripheral,0.200000,21,0.277601,Нет специфической роли. Вход 1: 25000.00 KZT; выход 0: 0.00 KZT; seed-путей 2. Граница выгрузки.
100000004192107100,terminal,0.450000,3,0.277601,Наблюдаемый конец маршрута. Вход 1: 25000.00 KZT; выход 0: 0.00 KZT; seed-путей 2.
100000004291663100,peripheral,0.200000,1,0.277601,Нет специфической роли. Вход 1: 25000.00 KZT; выход 0: 0.00 KZT; seed-путей 2. Граница выгрузки.
100000005561741100,terminal,0.450000,8,0.277601,Наблюдаемый конец маршрута. Вход 1: 25000.00 KZT; выход 0: 0.00 KZT; seed-путей 2.
100000006919124100,terminal,0.450000,1,0.277601,Наблюдаемый конец маршрута. Вход 1: 25000.00 KZT; выход 0: 0.00 KZT; seed-путей 2.
100000008588665100,peripheral,0.200000,1,0.277601,Нет специфической роли. Вход 1: 25000.00 KZT; выход 0: 0.00 KZT; seed-путей 2. Граница выгрузки.
100000008686214100,terminal,0.450000,4,0.277601,Наблюдаемый конец маршрута. Вход 1: 25000.00 KZT; выход 0: 0.00 KZT; seed-путей 2.
100000002232266100,terminal,0.450000,4,0.277574,Наблюдаемый конец маршрута. Вход 1: 45000.00 KZT; выход 0: 0.00 KZT; seed-путей 1.
100000002706810100,peripheral,0.200000,8,0.277574,Нет специфической роли. Вход 1: 45000.00 KZT; выход 0: 0.00 KZT; seed-путей 1. Граница выгрузки.
100000006381453100,peripheral,0.200000,9,0.277574,Нет специфической роли. Вход 1: 45000.00 KZT; выход 0: 0.00 KZT; seed-путей 1. Граница выгрузки.
100000007861311100,terminal,0.450000,7,0.277574,Наблюдаемый конец маршрута. Вход 1: 45000.00 KZT; выход 0: 0.00 KZT; seed-путей 1.
100000008289539100,terminal,0.450000,16,0.277224,Наблюдаемый конец маршрута. Вход 1: 14912.00 KZT; выход 0: 0.00 KZT; seed-путей 3.
100000005417257100,peripheral,0.200000,20,0.275895,Нет специфической роли. Вход 0: 0.00 KZT; выход 2: 106000.00 KZT; seed-путей 0.
100000005619339100,transit,0.414221,5,0.275560,Признаки транзита. Вход 1: 5000.00 KZT; выход 1: 5442.60 KZT; seed-путей 2.
100000008525136100,peripheral,0.200000,1,0.275474,Нет специфической роли. Вход 1: 14100.00 KZT; выход 0: 0.00 KZT; seed-путей 3. Граница выгрузки.
100000002908521100,terminal,0.450000,2,0.275151,Наблюдаемый конец маршрута. Вход 1: 44500.00 KZT; выход 0: 0.00 KZT; seed-путей 1.
100000008772246100,terminal,0.450000,2,0.275151,Наблюдаемый конец маршрута. Вход 1: 44500.00 KZT; выход 0: 0.00 KZT; seed-путей 1.
100000000978041100,terminal,0.450000,2,0.274882,Наблюдаемый конец маршрута. Вход 1: 44445.00 KZT; выход 0: 0.00 KZT; seed-путей 1.
100000004254434100,terminal,0.650000,2,0.274882,Наблюдаемый конец маршрута. Вход 1: 44445.00 KZT; выход 0: 0.00 KZT; seed-путей 1.
100000008744849100,terminal,0.450000,2,0.274882,Наблюдаемый конец маршрута. Вход 1: 44445.00 KZT; выход 0: 0.00 KZT; seed-путей 1.
100000008688881100,terminal,0.450000,2,0.274344,Наблюдаемый конец маршрута. Вход 1: 44211.00 KZT; выход 0: 0.00 KZT; seed-путей 1.
100000005754335100,terminal,0.450000,40,0.274209,Наблюдаемый конец маршрута. Вход 1: 44037.00 KZT; выход 0: 0.00 KZT; seed-путей 1.
100000008071749100,peripheral,0.200000,8,0.274102,Нет специфической роли. Вход 1: 24943.00 KZT; выход 0: 0.00 KZT; seed-путей 2. Граница выгрузки.
100000002371892100,peripheral,0.200000,61,0.273806,Нет специфической роли. Вход 1: 43830.00 KZT; выход 0: 0.00 KZT; seed-путей 1. Граница выгрузки.
100000008782800100,terminal,0.450000,2,0.273671,Наблюдаемый конец маршрута. Вход 1: 43381.00 KZT; выход 0: 0.00 KZT; seed-путей 1.
100000008687617100,terminal,0.650000,2,0.273536,Наблюдаемый конец маршрута. Вход 1: 43350.00 KZT; выход 0: 0.00 KZT; seed-путей 1.
100000008661585100,terminal,0.450000,2,0.273402,Наблюдаемый конец маршрута. Вход 1: 43141.00 KZT; выход 0: 0.00 KZT; seed-путей 1.
100000005370580100,peripheral,0.200000,13,0.273294,Нет специфической роли. Вход 1: 24075.00 KZT; выход 0: 0.00 KZT; seed-путей 2.
100000005008589100,terminal,0.450000,1,0.273267,Наблюдаемый конец маршрута. Вход 1: 42806.68 KZT; выход 0: 0.00 KZT; seed-путей 1.
100000008776298100,terminal,0.450000,2,0.273133,Наблюдаемый конец маршрута. Вход 1: 42800.00 KZT; выход 0: 0.00 KZT; seed-путей 1.
100000003166755100,terminal,0.450000,3,0.272890,Наблюдаемый конец маршрута. Вход 1: 24010.00 KZT; выход 0: 0.00 KZT; seed-путей 2.
100000002182176100,terminal,0.450000,1,0.272729,Наблюдаемый конец маршрута. Вход 1: 42465.00 KZT; выход 0: 0.00 KZT; seed-путей 1.
100000003927792100,terminal,0.450000,16,0.272513,Наблюдаемый конец маршрута. Вход 1: 13067.00 KZT; выход 0: 0.00 KZT; seed-путей 3.
100000001818442100,terminal,0.450000,8,0.272460,Наблюдаемый конец маршрута. Вход 1: 42215.00 KZT; выход 0: 0.00 KZT; seed-путей 1.
100000007867364100,peripheral,0.200000,19,0.272190,Нет специфической роли. Вход 1: 41852.00 KZT; выход 0: 0.00 KZT; seed-путей 1. Граница выгрузки.
100000006471232100,terminal,0.450000,2,0.272056,Наблюдаемый конец маршрута. Вход 1: 41800.00 KZT; выход 0: 0.00 KZT; seed-путей 1.
100000006734554100,peripheral,0.200000,29,0.271652,Нет специфической роли. Вход 1: 16500.00 KZT; выход 1: 25000.00 KZT; seed-путей 1.
100000008717340100,terminal,0.450000,2,0.271652,Наблюдаемый конец маршрута. Вход 1: 41500.00 KZT; выход 0: 0.00 KZT; seed-путей 1.
100000008680061100,peripheral,0.200000,6,0.271383,Нет специфической роли. Вход 1: 41300.00 KZT; выход 0: 0.00 KZT; seed-путей 1. Граница выгрузки.
100000002742067100,terminal,0.450000,16,0.271302,Наблюдаемый конец маршрута. Вход 1: 12730.00 KZT; выход 0: 0.00 KZT; seed-путей 3.
100000003900547100,terminal,0.450000,5,0.271275,Наблюдаемый конец маршрута. Вход 1: 23700.00 KZT; выход 0: 0.00 KZT; seed-путей 2.
100000002748581100,terminal,0.450000,15,0.271248,Наблюдаемый конец маршрута. Вход 1: 41180.00 KZT; выход 0: 0.00 KZT; seed-путей 1.
100000006746688100,terminal,0.450000,2,0.271114,Наблюдаемый конец маршрута. Вход 1: 41000.00 KZT; выход 0: 0.00 KZT; seed-путей 1.
100000008331280100,peripheral,0.200000,26,0.271114,Нет специфической роли. Вход 1: 41000.00 KZT; выход 0: 0.00 KZT; seed-путей 1. Граница выгрузки.
100000004232712100,peripheral,0.200000,6,0.270898,Нет специфической роли. Вход 1: 12500.00 KZT; выход 0: 0.00 KZT; seed-путей 3. Граница выгрузки.
100000008745474100,terminal,0.450000,2,0.270845,Наблюдаемый конец маршрута. Вход 1: 40559.00 KZT; выход 0: 0.00 KZT; seed-путей 1.
100000000408846100,terminal,0.450000,26,0.270710,Наблюдаемый конец маршрута. Вход 1: 40500.00 KZT; выход 0: 0.00 KZT; seed-путей 1.
100000001418900100,terminal,0.650000,2,0.270306,Наблюдаемый конец маршрута. Вход 1: 40140.00 KZT; выход 0: 0.00 KZT; seed-путей 1.
100000004979283100,terminal,0.450000,8,0.270172,Наблюдаемый конец маршрута. Вход 1: 40132.00 KZT; выход 0: 0.00 KZT; seed-путей 1.
100000003289281100,peripheral,0.200000,1,0.269902,Нет специфической роли. Вход 1: 40000.00 KZT; выход 0: 0.00 KZT; seed-путей 1. Граница выгрузки.
100000005100475100,terminal,0.450000,7,0.269902,Наблюдаемый конец маршрута. Вход 1: 40000.00 KZT; выход 0: 0.00 KZT; seed-путей 1.
100000005636951100,peripheral,0.200000,27,0.269902,Нет специфической роли. Вход 1: 40000.00 KZT; выход 0: 0.00 KZT; seed-путей 1. Граница выгрузки.
100000006369769100,terminal,0.450000,2,0.269902,Наблюдаемый конец маршрута. Вход 1: 40000.00 KZT; выход 0: 0.00 KZT; seed-путей 1.
100000001785161100,terminal,0.650000,30,0.269133,Наблюдаемый конец маршрута. Вход 2: 30000.00 KZT; выход 0: 0.00 KZT; seed-путей 1.
100000004635886100,terminal,0.450000,5,0.268449,Наблюдаемый конец маршрута. Вход 1: 23000.00 KZT; выход 0: 0.00 KZT; seed-путей 2.
100000002951898100,terminal,0.450000,15,0.268422,Наблюдаемый конец маршрута. Вход 1: 39990.00 KZT; выход 0: 0.00 KZT; seed-путей 1.
100000004979264100,peripheral,0.200000,10,0.268287,Нет специфической роли. Вход 1: 39800.00 KZT; выход 0: 0.00 KZT; seed-путей 1. Граница выгрузки.
100000008686234100,terminal,0.450000,1,0.268153,Наблюдаемый конец маршрута. Вход 1: 39778.00 KZT; выход 0: 0.00 KZT; seed-путей 1.
100000007938486100,terminal,0.450000,2,0.268018,Наблюдаемый конец маршрута. Вход 1: 39500.00 KZT; выход 0: 0.00 KZT; seed-путей 1.
100000007618425100,terminal,0.450000,17,0.267749,Наблюдаемый конец маршрута. Вход 1: 39348.00 KZT; выход 0: 0.00 KZT; seed-путей 1.
100000005079473100,peripheral,0.200000,4,0.267614,Нет специфической роли. Вход 1: 39312.00 KZT; выход 0: 0.00 KZT; seed-путей 1. Граница выгрузки.
100000008735384100,terminal,0.450000,2,0.267480,Наблюдаемый конец маршрута. Вход 1: 39220.00 KZT; выход 0: 0.00 KZT; seed-путей 1.
100000002700161100,peripheral,0.200000,49,0.267345,Нет специфической роли. Вход 1: 39000.00 KZT; выход 0: 0.00 KZT; seed-путей 1. Граница выгрузки.
100000005363908100,transit,0.726875,47,0.267345,Признаки транзита. Вход 1: 19500.00 KZT; выход 1: 19500.00 KZT; seed-путей 1.
100000004611571100,terminal,0.450000,1,0.267103,Наблюдаемый конец маршрута. Вход 1: 22550.00 KZT; выход 0: 0.00 KZT; seed-путей 2.
100000008771819100,terminal,0.450000,2,0.266941,Наблюдаемый конец маршрута. Вход 1: 38900.00 KZT; выход 0: 0.00 KZT; seed-путей 1.
100000002534091100,terminal,0.450000,4,0.266834,Наблюдаемый конец маршрута. Вход 1: 22200.00 KZT; выход 0: 0.00 KZT; seed-путей 2.
100000004488265100,terminal,0.450000,4,0.266807,Наблюдаемый конец маршрута. Вход 1: 38740.00 KZT; выход 0: 0.00 KZT; seed-путей 1.
100000001307612100,terminal,0.450000,2,0.266672,Наблюдаемый конец маршрута. Вход 1: 38483.00 KZT; выход 0: 0.00 KZT; seed-путей 1.
100000000785800100,transit,0.726577,55,0.266403,Признаки транзита. Вход 1: 19000.00 KZT; выход 1: 19000.00 KZT; seed-путей 1.
100000002809896100,terminal,0.450000,8,0.266403,Наблюдаемый конец маршрута. Вход 1: 38000.00 KZT; выход 0: 0.00 KZT; seed-путей 1.
100000002818726100,terminal,0.450000,13,0.266322,Наблюдаемый конец маршрута. Вход 1: 10879.00 KZT; выход 0: 0.00 KZT; seed-путей 3.
100000000733373100,terminal,0.450000,5,0.265919,Наблюдаемый конец маршрута. Вход 1: 10710.00 KZT; выход 0: 0.00 KZT; seed-путей 3.
100000004664515100,terminal,0.450000,1,0.265730,Наблюдаемый конец маршрута. Вход 1: 37691.00 KZT; выход 0: 0.00 KZT; seed-путей 1.
100000008687671100,terminal,0.450000,2,0.265596,Наблюдаемый конец маршрута. Вход 1: 37500.00 KZT; выход 0: 0.00 KZT; seed-путей 1.
100000000967918100,terminal,0.650000,1,0.265219,Наблюдаемый конец маршрута. Вход 1: 21200.00 KZT; выход 0: 0.00 KZT; seed-путей 2.
100000008672603100,terminal,0.450000,3,0.265219,Наблюдаемый конец маршрута. Вход 1: 21200.00 KZT; выход 0: 0.00 KZT; seed-путей 2.
100000000912487100,terminal,0.450000,3,0.264976,Наблюдаемый конец маршрута. Вход 1: 10000.00 KZT; выход 0: 0.00 KZT; seed-путей 3.
100000002728246100,peripheral,0.200000,6,0.264976,Нет специфической роли. Вход 1: 10000.00 KZT; выход 0: 0.00 KZT; seed-путей 3. Граница выгрузки.
100000002981489100,peripheral,0.200000,6,0.264976,Нет специфической роли. Вход 1: 10000.00 KZT; выход 0: 0.00 KZT; seed-путей 3. Граница выгрузки.
100000003632533100,peripheral,0.200000,6,0.264976,Нет специфической роли. Вход 1: 10000.00 KZT; выход 0: 0.00 KZT; seed-путей 3. Граница выгрузки.
100000004456564100,terminal,0.611778,15,0.264976,Наблюдаемый конец маршрута. Вход 1: 10000.00 KZT; выход 0: 0.00 KZT; seed-путей 3.
100000004750897100,terminal,0.450000,16,0.264976,Наблюдаемый конец маршрута. Вход 1: 10000.00 KZT; выход 0: 0.00 KZT; seed-путей 3.
100000005030592100,terminal,0.450000,16,0.264976,Наблюдаемый конец маршрута. Вход 1: 10000.00 KZT; выход 0: 0.00 KZT; seed-путей 3.
100000005032294100,terminal,0.450000,15,0.264976,Наблюдаемый конец маршрута. Вход 1: 10000.00 KZT; выход 0: 0.00 KZT; seed-путей 3.
100000007173936100,terminal,0.450000,30,0.264976,Наблюдаемый конец маршрута. Вход 1: 10000.00 KZT; выход 0: 0.00 KZT; seed-путей 3.
100000008733049100,terminal,0.450000,16,0.264976,Наблюдаемый конец маршрута. Вход 1: 10000.00 KZT; выход 0: 0.00 KZT; seed-путей 3.
100000008767065100,terminal,0.450000,18,0.264976,Наблюдаемый конец маршрута. Вход 1: 10000.00 KZT; выход 0: 0.00 KZT; seed-путей 3.
100000008671081100,terminal,0.450000,2,0.264788,Наблюдаемый конец маршрута. Вход 1: 37200.00 KZT; выход 0: 0.00 KZT; seed-путей 1.
100000002369510100,terminal,0.450000,2,0.264653,Наблюдаемый конец маршрута. Вход 1: 37150.00 KZT; выход 0: 0.00 KZT; seed-путей 1.
100000008749405100,terminal,0.450000,2,0.264653,Наблюдаемый конец маршрута. Вход 1: 37150.00 KZT; выход 0: 0.00 KZT; seed-путей 1.
100000002211413100,terminal,0.450000,2,0.264384,Наблюдаемый конец маршрута. Вход 1: 37000.00 KZT; выход 0: 0.00 KZT; seed-путей 1.
100000003109805100,terminal,0.450000,17,0.263980,Наблюдаемый конец маршрута. Вход 1: 36929.00 KZT; выход 0: 0.00 KZT; seed-путей 1.
100000002340562100,terminal,0.650000,7,0.263846,Наблюдаемый конец маршрута. Вход 1: 36650.00 KZT; выход 0: 0.00 KZT; seed-путей 1.
100000008695133100,terminal,0.450000,2,0.263711,Наблюдаемый конец маршрута. Вход 1: 36610.00 KZT; выход 0: 0.00 KZT; seed-путей 1.
100000006912294100,peripheral,0.200000,9,0.263442,Нет специфической роли. Вход 1: 6335.09 KZT; выход 2: 30000.00 KZT; seed-путей 1.
100000004064431100,peripheral,0.200000,24,0.263308,Нет специфической роли. Вход 1: 26000.00 KZT; выход 1: 10000.00 KZT; seed-путей 1.
100000003934614100,peripheral,0.200000,33,0.262807,Нет специфической роли. Вход 2: 17000.00 KZT; выход 1: 11500.00 KZT; seed-путей 1.
100000008741372100,terminal,0.450000,2,0.262769,Наблюдаемый конец маршрута. Вход 1: 35975.00 KZT; выход 0: 0.00 KZT; seed-путей 1.
100000001784279100,terminal,0.450000,1,0.262635,Наблюдаемый конец маршрута. Вход 1: 35674.00 KZT; выход 0: 0.00 KZT; seed-путей 1.
100000005901606100,terminal,0.450000,2,0.262500,Наблюдаемый конец маршрута. Вход 1: 35660.00 KZT; выход 0: 0.00 KZT; seed-путей 1.
100000000500040100,peripheral,0.200000,1,0.262392,Нет специфической роли. Вход 1: 20000.00 KZT; выход 0: 0.00 KZT; seed-путей 2. Граница выгрузки.
100000000655469100,peripheral,0.200000,21,0.262392,Нет специфической роли. Вход 1: 20000.00 KZT; выход 0: 0.00 KZT; seed-путей 2. Граница выгрузки.
100000001845505100,peripheral,0.200000,4,0.262392,Нет специфической роли. Вход 1: 20000.00 KZT; выход 0: 0.00 KZT; seed-путей 2. Граница выгрузки.
100000004791226100,peripheral,0.200000,1,0.262392,Нет специфической роли. Вход 1: 20000.00 KZT; выход 0: 0.00 KZT; seed-путей 2. Граница выгрузки.
100000004988240100,peripheral,0.200000,1,0.262392,Нет специфической роли. Вход 1: 20000.00 KZT; выход 0: 0.00 KZT; seed-путей 2. Граница выгрузки.
100000006512787100,peripheral,0.200000,1,0.262392,Нет специфической роли. Вход 1: 20000.00 KZT; выход 0: 0.00 KZT; seed-путей 2. Граница выгрузки.
100000007988344100,peripheral,0.200000,1,0.262392,Нет специфической роли. Вход 1: 20000.00 KZT; выход 0: 0.00 KZT; seed-путей 2. Граница выгрузки.
100000008474391100,terminal,0.450000,22,0.262392,Наблюдаемый конец маршрута. Вход 1: 20000.00 KZT; выход 0: 0.00 KZT; seed-путей 2.
100000008753193100,terminal,0.450000,2,0.262231,Наблюдаемый конец маршрута. Вход 1: 35225.00 KZT; выход 0: 0.00 KZT; seed-путей 1.
100000000287768100,terminal,0.450000,1,0.261962,Наблюдаемый конец маршрута. Вход 1: 35168.00 KZT; выход 0: 0.00 KZT; seed-путей 1.
100000000850297100,transit,0.723895,8,0.261827,Признаки транзита. Вход 1: 17520.00 KZT; выход 1: 17520.00 KZT; seed-путей 1.
100000004463277100,terminal,0.450000,29,0.261692,Наблюдаемый конец маршрута. Вход 1: 35000.00 KZT; выход 0: 0.00 KZT; seed-путей 1.
100000004494983100,terminal,0.450000,2,0.261692,Наблюдаемый конец маршрута. Вход 1: 35000.00 KZT; выход 0: 0.00 KZT; seed-путей 1.
100000005723580100,peripheral,0.200000,10,0.261692,Нет специфической роли. Вход 1: 35000.00 KZT; выход 0: 0.00 KZT; seed-путей 1. Граница выгрузки.
100000008522127100,peripheral,0.200000,62,0.260873,Нет специфической роли. Вход 0: 0.00 KZT; выход 1: 145000.00 KZT; seed-путей 0.
100000002589019100,terminal,0.450000,11,0.260212,Наблюдаемый конец маршрута. Вход 1: 34710.00 KZT; выход 0: 0.00 KZT; seed-путей 1.
100000001557930100,terminal,0.450000,7,0.260077,Наблюдаемый конец маршрута. Вход 1: 34610.00 KZT; выход 0: 0.00 KZT; seed-путей 1.
100000008745676100,peripheral,0.200000,2,0.259943,Нет специфической роли. Вход 1: 34547.00 KZT; выход 0: 0.00 KZT; seed-путей 1. Граница выгрузки.
100000005237935150,terminal,0.450000,14,0.259808,Наблюдаемый конец маршрута. Вход 1: 34508.00 KZT; выход 0: 0.00 KZT; seed-путей 1.
100000003044518100,terminal,0.450000,7,0.259674,Наблюдаемый конец маршрута. Вход 1: 34423.00 KZT; выход 0: 0.00 KZT; seed-путей 1.
100000000954884100,terminal,0.450000,34,0.259539,Наблюдаемый конец маршрута. Вход 1: 34000.00 KZT; выход 0: 0.00 KZT; seed-путей 1.
100000008406609100,terminal,0.450000,20,0.259539,Наблюдаемый конец маршрута. Вход 1: 34000.00 KZT; выход 0: 0.00 KZT; seed-путей 1.
100000008667795100,terminal,0.450000,2,0.259539,Наблюдаемый конец маршрута. Вход 1: 34000.00 KZT; выход 0: 0.00 KZT; seed-путей 1.
100000008667799100,terminal,0.450000,2,0.259539,Наблюдаемый конец маршрута. Вход 1: 34000.00 KZT; выход 0: 0.00 KZT; seed-путей 1.
100000008503177100,terminal,0.450000,4,0.258731,Наблюдаемый конец маршрута. Вход 1: 33951.00 KZT; выход 0: 0.00 KZT; seed-путей 1.
100000008695566100,terminal,0.450000,2,0.258597,Наблюдаемый конец маршрута. Вход 1: 33700.00 KZT; выход 0: 0.00 KZT; seed-путей 1.
100000002810870100,terminal,0.450000,2,0.258462,Наблюдаемый конец маршрута. Вход 1: 33677.00 KZT; выход 0: 0.00 KZT; seed-путей 1.
100000008470470100,terminal,0.450000,2,0.258193,Наблюдаемый конец маршрута. Вход 1: 33547.00 KZT; выход 0: 0.00 KZT; seed-путей 1.
100000000470237100,peripheral,0.200000,28,0.257251,Нет специфической роли. Вход 1: 32500.00 KZT; выход 0: 0.00 KZT; seed-путей 1. Граница выгрузки.
100000008715513100,peripheral,0.200000,8,0.257251,Нет специфической роли. Вход 1: 32500.00 KZT; выход 0: 0.00 KZT; seed-путей 1. Граница выгрузки.
100000000611474100,terminal,0.450000,22,0.256713,Наблюдаемый конец маршрута. Вход 1: 32000.00 KZT; выход 0: 0.00 KZT; seed-путей 1.
100000003219438100,terminal,0.450000,33,0.256713,Наблюдаемый конец маршрута. Вход 1: 32000.00 KZT; выход 0: 0.00 KZT; seed-путей 1.
100000008696919100,terminal,0.450000,2,0.255771,Наблюдаемый конец маршрута. Вход 1: 31945.00 KZT; выход 0: 0.00 KZT; seed-путей 1.
100000002158488100,terminal,0.450000,2,0.255636,Наблюдаемый конец маршрута. Вход 1: 31723.00 KZT; выход 0: 0.00 KZT; seed-путей 1.
100000008734279100,peripheral,0.200000,4,0.255501,Нет специфической роли. Вход 1: 31650.00 KZT; выход 0: 0.00 KZT; seed-путей 1. Граница выгрузки.
100000003072676100,terminal,0.450000,17,0.255232,Наблюдаемый конец маршрута. Вход 1: 31545.00 KZT; выход 0: 0.00 KZT; seed-путей 1.
100000002670463100,peripheral,0.200000,8,0.255098,Нет специфической роли. Вход 1: 31500.00 KZT; выход 0: 0.00 KZT; seed-путей 1. Граница выгрузки.
100000008779584100,terminal,0.450000,2,0.254963,Наблюдаемый конец маршрута. Вход 1: 31400.00 KZT; выход 0: 0.00 KZT; seed-путей 1.
100000008684767100,terminal,0.450000,2,0.254559,Наблюдаемый конец маршрута. Вход 1: 31100.00 KZT; выход 0: 0.00 KZT; seed-путей 1.
100000008769097100,terminal,0.450000,2,0.254559,Наблюдаемый конец маршрута. Вход 1: 31100.00 KZT; выход 0: 0.00 KZT; seed-путей 1.
100000003635660100,terminal,0.450000,1,0.254452,Наблюдаемый конец маршрута. Вход 1: 18985.00 KZT; выход 0: 0.00 KZT; seed-путей 2.
100000002938501100,peripheral,0.200000,5,0.254390,Нет специфической роли. Вход 1: 8395.00 KZT; выход 1: 5000.00 KZT; seed-путей 2.
100000000542087100,peripheral,0.200000,35,0.254344,Нет специфической роли. Вход 1: 8506.91 KZT; выход 0: 0.00 KZT; seed-путей 3. Граница выгрузки.
100000007982908100,terminal,0.450000,2,0.254290,Наблюдаемый конец маршрута. Вход 1: 31080.00 KZT; выход 0: 0.00 KZT; seed-путей 1.
100000008736173100,terminal,0.450000,2,0.254155,Наблюдаемый конец маршрута. Вход 1: 31060.00 KZT; выход 0: 0.00 KZT; seed-путей 1.
100000004099450100,terminal,0.450000,1,0.253886,Наблюдаемый конец маршрута. Вход 1: 31000.00 KZT; выход 0: 0.00 KZT; seed-путей 1.
100000004797167100,peripheral,0.200000,4,0.253886,Нет специфической роли. Вход 1: 31000.00 KZT; выход 0: 0.00 KZT; seed-путей 1. Граница выгрузки.
100000000795033100,terminal,0.450000,1,0.253644,Наблюдаемый конец маршрута. Вход 1: 18200.00 KZT; выход 0: 0.00 KZT; seed-путей 2.
100000003792647100,peripheral,0.200000,6,0.253536,Нет специфической роли. Вход 1: 8000.00 KZT; выход 0: 0.00 KZT; seed-путей 3. Граница выгрузки.
100000002748040100,peripheral,0.200000,8,0.253509,Нет специфической роли. Вход 1: 18000.00 KZT; выход 0: 0.00 KZT; seed-путей 2. Граница выгрузки.
100000006882208100,terminal,0.450000,5,0.253509,Наблюдаемый конец маршрута. Вход 1: 18000.00 KZT; выход 0: 0.00 KZT; seed-путей 2.
100000006288612100,peripheral,0.200000,11,0.253348,Нет специфической роли. Вход 1: 30805.00 KZT; выход 0: 0.00 KZT; seed-путей 1. Граница выгрузки.
100000008229700100,peripheral,0.200000,11,0.253213,Нет специфической роли. Вход 1: 23500.00 KZT; выход 1: 7200.00 KZT; seed-путей 1.
100000002628146100,terminal,0.650000,32,0.252944,Наблюдаемый конец маршрута. Вход 1: 30500.00 KZT; выход 0: 0.00 KZT; seed-путей 1.
100000002324543100,terminal,0.450000,9,0.252675,Наблюдаемый конец маршрута. Вход 1: 30202.00 KZT; выход 0: 0.00 KZT; seed-путей 1.
100000002794197100,terminal,0.450000,7,0.252540,Наблюдаемый конец маршрута. Вход 1: 30100.00 KZT; выход 0: 0.00 KZT; seed-путей 1.
100000000608031100,peripheral,0.200000,17,0.252406,Нет специфической роли. Вход 1: 30000.00 KZT; выход 0: 0.00 KZT; seed-путей 1. Граница выгрузки.
100000001852140100,terminal,0.450000,57,0.252406,Наблюдаемый конец маршрута. Вход 1: 30000.00 KZT; выход 0: 0.00 KZT; seed-путей 1.
100000002723674100,peripheral,0.200000,21,0.252406,Нет специфической роли. Вход 1: 30000.00 KZT; выход 0: 0.00 KZT; seed-путей 1. Граница выгрузки.
100000002820010100,terminal,0.450000,7,0.252406,Наблюдаемый конец маршрута. Вход 1: 30000.00 KZT; выход 0: 0.00 KZT; seed-путей 1.
100000003001138100,peripheral,0.200000,28,0.252406,Нет специфической роли. Вход 1: 30000.00 KZT; выход 0: 0.00 KZT; seed-путей 1. Граница выгрузки.
100000003157333100,terminal,0.450000,7,0.252406,Наблюдаемый конец маршрута. Вход 1: 30000.00 KZT; выход 0: 0.00 KZT; seed-путей 1.
100000003888527100,terminal,0.450000,40,0.252406,Наблюдаемый конец маршрута. Вход 1: 30000.00 KZT; выход 0: 0.00 KZT; seed-путей 1.
100000003980083100,terminal,0.450000,67,0.252406,Наблюдаемый конец маршрута. Вход 1: 30000.00 KZT; выход 0: 0.00 KZT; seed-путей 1.
100000004058740100,terminal,0.450000,2,0.252406,Наблюдаемый конец маршрута. Вход 1: 30000.00 KZT; выход 0: 0.00 KZT; seed-путей 1.
100000004596284100,peripheral,0.200000,5,0.252406,Нет специфической роли. Вход 1: 30000.00 KZT; выход 0: 0.00 KZT; seed-путей 1. Граница выгрузки.
100000004687099100,terminal,0.450000,7,0.252406,Наблюдаемый конец маршрута. Вход 1: 30000.00 KZT; выход 0: 0.00 KZT; seed-путей 1.
100000004825069100,terminal,0.650000,2,0.252406,Наблюдаемый конец маршрута. Вход 1: 30000.00 KZT; выход 0: 0.00 KZT; seed-путей 1.
100000005082652100,terminal,0.450000,7,0.252406,Наблюдаемый конец маршрута. Вход 1: 30000.00 KZT; выход 0: 0.00 KZT; seed-путей 1.
100000005621418100,peripheral,0.200000,26,0.252406,Нет специфической роли. Вход 1: 30000.00 KZT; выход 0: 0.00 KZT; seed-путей 1. Граница выгрузки.
100000006416061100,peripheral,0.200000,1,0.252406,Нет специфической роли. Вход 1: 30000.00 KZT; выход 0: 0.00 KZT; seed-путей 1. Граница выгрузки.
100000008151098100,peripheral,0.200000,26,0.252406,Нет специфической роли. Вход 1: 30000.00 KZT; выход 0: 0.00 KZT; seed-путей 1. Граница выгрузки.
100000008473765100,terminal,0.450000,4,0.252406,Наблюдаемый конец маршрута. Вход 1: 30000.00 KZT; выход 0: 0.00 KZT; seed-путей 1.
100000008727982100,peripheral,0.200000,27,0.252406,Нет специфической роли. Вход 1: 30000.00 KZT; выход 0: 0.00 KZT; seed-путей 1. Граница выгрузки.
100000005226217100,peripheral,0.200000,9,0.250010,Нет специфической роли. Вход 1: 17500.00 KZT; выход 0: 0.00 KZT; seed-путей 2. Граница выгрузки.
100000004800452100,peripheral,0.200000,6,0.249633,Нет специфической роли. Вход 1: 6544.53 KZT; выход 0: 0.00 KZT; seed-путей 3. Граница выгрузки.
100000001249054100,peripheral,0.200000,8,0.249606,Нет специфической роли. Вход 1: 17375.00 KZT; выход 0: 0.00 KZT; seed-путей 2. Граница выгрузки.
100000000627521100,peripheral,0.200000,38,0.249499,Нет специфической роли. Вход 1: 6500.00 KZT; выход 0: 0.00 KZT; seed-путей 3. Граница выгрузки.
100000005205745100,terminal,0.450000,7,0.248287,Наблюдаемый конец маршрута. Вход 1: 6000.00 KZT; выход 0: 0.00 KZT; seed-путей 3.
100000008738658100,terminal,0.450000,2,0.248234,Наблюдаемый конец маршрута. Вход 1: 29920.00 KZT; выход 0: 0.00 KZT; seed-путей 1.
100000008782056100,terminal,0.450000,2,0.247426,Наблюдаемый конец маршрута. Вход 1: 29082.00 KZT; выход 0: 0.00 KZT; seed-путей 1.
100000005362848100,terminal,0.450000,8,0.247291,Наблюдаемый конец маршрута. Вход 1: 29000.00 KZT; выход 0: 0.00 KZT; seed-путей 1.
100000006656003100,peripheral,0.200000,2,0.247291,Нет специфической роли. Вход 1: 20000.00 KZT; выход 1: 9000.00 KZT; seed-путей 1.
100000008283183100,terminal,0.450000,2,0.247291,Наблюдаемый конец маршрута. Вход 1: 29000.00 KZT; выход 0: 0.00 KZT; seed-путей 1.
100000000981693100,peripheral,0.200000,1,0.246780,Нет специфической роли. Вход 1: 16500.00 KZT; выход 0: 0.00 KZT; seed-путей 2. Граница выгрузки.
100000008074304100,peripheral,0.200000,6,0.246538,Нет специфической роли. Вход 1: 5500.00 KZT; выход 0: 0.00 KZT; seed-путей 3. Граница выгрузки.
100000005198498100,terminal,0.450000,2,0.246484,Наблюдаемый конец маршрута. Вход 1: 28800.00 KZT; выход 0: 0.00 KZT; seed-путей 1.
100000002597623100,terminal,0.450000,1,0.246242,Наблюдаемый конец маршрута. Вход 1: 16418.00 KZT; выход 0: 0.00 KZT; seed-путей 2.
100000002613929100,terminal,0.450000,9,0.246215,Наблюдаемый конец маршрута. Вход 1: 28560.00 KZT; выход 0: 0.00 KZT; seed-путей 1.
100000003096787100,peripheral,0.200000,8,0.246107,Нет специфической роли. Вход 1: 16400.00 KZT; выход 0: 0.00 KZT; seed-путей 2. Граница выгрузки.
100000008507703100,terminal,0.450000,2,0.246080,Наблюдаемый конец маршрута. Вход 1: 28500.00 KZT; выход 0: 0.00 KZT; seed-путей 1.
100000008753061100,terminal,0.650000,2,0.245542,Наблюдаемый конец маршрута. Вход 1: 28400.00 KZT; выход 0: 0.00 KZT; seed-путей 1.
100000008055972100,terminal,0.450000,2,0.245407,Наблюдаемый конец маршрута. Вход 1: 28300.00 KZT; выход 0: 0.00 KZT; seed-путей 1.
100000000957746100,peripheral,0.200000,17,0.245326,Нет специфической роли. Вход 1: 5300.00 KZT; выход 0: 0.00 KZT; seed-путей 3. Граница выгрузки.
100000008653041100,terminal,0.450000,2,0.245003,Наблюдаемый конец маршрута. Вход 1: 28000.00 KZT; выход 0: 0.00 KZT; seed-путей 1.
100000005025629100,peripheral,0.200000,6,0.244788,Нет специфической роли. Вход 1: 5227.00 KZT; выход 0: 0.00 KZT; seed-путей 3. Граница выгрузки.
100000001954903100,terminal,0.450000,8,0.244330,Наблюдаемый конец маршрута. Вход 1: 27118.00 KZT; выход 0: 0.00 KZT; seed-путей 1.
100000000369781100,peripheral,0.200000,6,0.244115,Нет специфической роли. Вход 1: 5000.00 KZT; выход 0: 0.00 KZT; seed-путей 3. Граница выгрузки.
100000003786516100,peripheral,0.200000,1,0.244115,Нет специфической роли. Вход 1: 5000.00 KZT; выход 0: 0.00 KZT; seed-путей 3. Граница выгрузки.
100000005186109100,terminal,0.450000,16,0.244115,Наблюдаемый конец маршрута. Вход 1: 5000.00 KZT; выход 0: 0.00 KZT; seed-путей 3.
100000006735545100,peripheral,0.200000,4,0.244115,Нет специфической роли. Вход 1: 5000.00 KZT; выход 0: 0.00 KZT; seed-путей 3. Граница выгрузки.
100000008767027100,terminal,0.450000,18,0.244115,Наблюдаемый конец маршрута. Вход 1: 5000.00 KZT; выход 0: 0.00 KZT; seed-путей 3.
100000001308856100,terminal,0.450000,2,0.244061,Наблюдаемый конец маршрута. Вход 1: 27000.00 KZT; выход 0: 0.00 KZT; seed-путей 1.
100000002103448100,terminal,0.450000,2,0.244061,Наблюдаемый конец маршрута. Вход 1: 27000.00 KZT; выход 0: 0.00 KZT; seed-путей 1.
100000003486846100,peripheral,0.200000,5,0.244061,Нет специфической роли. Вход 1: 27000.00 KZT; выход 0: 0.00 KZT; seed-путей 1. Граница выгрузки.
100000004467157100,peripheral,0.200000,33,0.244061,Нет специфической роли. Вход 1: 20000.00 KZT; выход 1: 7000.00 KZT; seed-путей 1.
100000005328215100,terminal,0.450000,8,0.244061,Наблюдаемый конец маршрута. Вход 1: 27000.00 KZT; выход 0: 0.00 KZT; seed-путей 1.
100000006701983100,terminal,0.450000,2,0.244061,Наблюдаемый конец маршрута. Вход 1: 27000.00 KZT; выход 0: 0.00 KZT; seed-путей 1.
100000008686247100,peripheral,0.200000,23,0.244061,Нет специфической роли. Вход 1: 22000.00 KZT; выход 1: 5000.00 KZT; seed-путей 1.
100000008691495100,terminal,0.450000,2,0.244061,Наблюдаемый конец маршрута. Вход 1: 27000.00 KZT; выход 0: 0.00 KZT; seed-путей 1.
100000002528978100,peripheral,0.200000,8,0.243954,Нет специфической роли. Вход 1: 15900.00 KZT; выход 0: 0.00 KZT; seed-путей 2. Граница выгрузки.
100000003713616100,terminal,0.450000,5,0.243819,Наблюдаемый конец маршрута. Вход 1: 15893.00 KZT; выход 0: 0.00 KZT; seed-путей 2.
100000008690762100,terminal,0.450000,2,0.242446,Наблюдаемый конец маршрута. Вход 1: 26750.00 KZT; выход 0: 0.00 KZT; seed-путей 1.
100000002214570100,terminal,0.450000,2,0.242177,Наблюдаемый конец маршрута. Вход 1: 26471.00 KZT; выход 0: 0.00 KZT; seed-путей 1.
100000008666075100,terminal,0.450000,2,0.242042,Наблюдаемый конец маршрута. Вход 1: 26217.00 KZT; выход 0: 0.00 KZT; seed-путей 1.
100000004435304100,terminal,0.450000,2,0.241908,Наблюдаемый конец маршрута. Вход 1: 26200.00 KZT; выход 0: 0.00 KZT; seed-путей 1.
100000004783447100,terminal,0.450000,2,0.241908,Наблюдаемый конец маршрута. Вход 1: 26200.00 KZT; выход 0: 0.00 KZT; seed-путей 1.
100000005674387100,terminal,0.450000,2,0.241908,Наблюдаемый конец маршрута. Вход 1: 26200.00 KZT; выход 0: 0.00 KZT; seed-путей 1.
100000006491272100,terminal,0.450000,2,0.241908,Наблюдаемый конец маршрута. Вход 1: 26200.00 KZT; выход 0: 0.00 KZT; seed-путей 1.
100000008656043100,terminal,0.450000,2,0.241908,Наблюдаемый конец маршрута. Вход 1: 26200.00 KZT; выход 0: 0.00 KZT; seed-путей 1.
100000008662216100,terminal,0.450000,2,0.241908,Наблюдаемый конец маршрута. Вход 1: 26200.00 KZT; выход 0: 0.00 KZT; seed-путей 1.
100000008671129100,terminal,0.450000,2,0.241908,Наблюдаемый конец маршрута. Вход 1: 26200.00 KZT; выход 0: 0.00 KZT; seed-путей 1.
100000008695689100,terminal,0.450000,2,0.241908,Наблюдаемый конец маршрута. Вход 1: 26200.00 KZT; выход 0: 0.00 KZT; seed-путей 1.
100000008707810100,terminal,0.450000,2,0.241908,Наблюдаемый конец маршрута. Вход 1: 26200.00 KZT; выход 0: 0.00 KZT; seed-путей 1.
100000008734364100,terminal,0.450000,2,0.241908,Наблюдаемый конец маршрута. Вход 1: 26200.00 KZT; выход 0: 0.00 KZT; seed-путей 1.
100000002733083100,peripheral,0.200000,8,0.240993,Нет специфической роли. Вход 1: 15200.00 KZT; выход 0: 0.00 KZT; seed-путей 2. Граница выгрузки.
100000003036198100,terminal,0.450000,3,0.240723,Наблюдаемый конец маршрута. Вход 1: 15000.00 KZT; выход 0: 0.00 KZT; seed-путей 2.
100000003083865100,peripheral,0.200000,8,0.240723,Нет специфической роли. Вход 1: 15000.00 KZT; выход 0: 0.00 KZT; seed-путей 2. Граница выгрузки.
100000003093299100,terminal,0.450000,1,0.240723,Наблюдаемый конец маршрута. Вход 1: 15000.00 KZT; выход 0: 0.00 KZT; seed-путей 2.
100000003166017100,peripheral,0.200000,8,0.240723,Нет специфической роли. Вход 1: 15000.00 KZT; выход 0: 0.00 KZT; seed-путей 2. Граница выгрузки.
100000003622955100,peripheral,0.200000,12,0.240723,Нет специфической роли. Вход 1: 15000.00 KZT; выход 0: 0.00 KZT; seed-путей 2. Граница выгрузки.
100000004564736100,terminal,0.627191,22,0.240723,Наблюдаемый конец маршрута. Вход 1: 15000.00 KZT; выход 0: 0.00 KZT; seed-путей 2.
100000008524903100,peripheral,0.200000,1,0.240723,Нет специфической роли. Вход 1: 15000.00 KZT; выход 0: 0.00 KZT; seed-путей 2. Граница выгрузки.
100000004634420100,terminal,0.450000,2,0.240562,Наблюдаемый конец маршрута. Вход 1: 26150.00 KZT; выход 0: 0.00 KZT; seed-путей 1.
100000005685783100,peripheral,0.200000,2,0.240562,Нет специфической роли. Вход 1: 26150.00 KZT; выход 0: 0.00 KZT; seed-путей 1. Граница выгрузки.
100000008717802100,terminal,0.450000,2,0.240562,Наблюдаемый конец маршрута. Вход 1: 26150.00 KZT; выход 0: 0.00 KZT; seed-путей 1.
100000008764654100,terminal,0.450000,2,0.240562,Наблюдаемый конец маршрута. Вход 1: 26150.00 KZT; выход 0: 0.00 KZT; seed-путей 1.
100000008776720100,terminal,0.450000,2,0.240562,Наблюдаемый конец маршрута. Вход 1: 26150.00 KZT; выход 0: 0.00 KZT; seed-путей 1.
100000003188607100,peripheral,0.200000,7,0.240283,Нет специфической роли. Вход 1: 18000.00 KZT; выход 1: 5000.00 KZT; seed-путей 1.
100000004218576100,terminal,0.450000,2,0.239889,Наблюдаемый конец маршрута. Вход 1: 26144.00 KZT; выход 0: 0.00 KZT; seed-путей 1.
100000005092518100,terminal,0.450000,2,0.239889,Наблюдаемый конец маршрута. Вход 1: 26144.00 KZT; выход 0: 0.00 KZT; seed-путей 1.
100000008773876100,terminal,0.450000,2,0.239620,Наблюдаемый конец маршрута. Вход 1: 26120.00 KZT; выход 0: 0.00 KZT; seed-путей 1.
100000005228059100,terminal,0.450000,2,0.239485,Наблюдаемый конец маршрута. Вход 1: 26000.00 KZT; выход 0: 0.00 KZT; seed-путей 1.
100000005589319100,peripheral,0.200000,3,0.239485,Нет специфической роли. Вход 1: 26000.00 KZT; выход 0: 0.00 KZT; seed-путей 1. Граница выгрузки.
100000003066385100,terminal,0.650000,1,0.239119,Наблюдаемый конец маршрута. Вход 2: 20000.00 KZT; выход 0: 0.00 KZT; seed-путей 1.
100000000703902100,terminal,0.450000,2,0.238543,Наблюдаемый конец маршрута. Вход 1: 25499.00 KZT; выход 0: 0.00 KZT; seed-путей 1.
100000008697670100,terminal,0.450000,2,0.238408,Наблюдаемый конец маршрута. Вход 1: 25350.00 KZT; выход 0: 0.00 KZT; seed-путей 1.
100000004213658100,terminal,0.450000,2,0.238274,Наблюдаемый конец маршрута. Вход 1: 25347.00 KZT; выход 0: 0.00 KZT; seed-путей 1.
100000004723755100,peripheral,0.200000,3,0.238127,Нет специфической роли. Вход 0: 0.00 KZT; выход 1: 95000.00 KZT; seed-путей 0.
100000006326645100,terminal,0.450000,2,0.238005,Наблюдаемый конец маршрута. Вход 1: 25264.00 KZT; выход 0: 0.00 KZT; seed-путей 1.
100000005532138100,terminal,0.450000,7,0.237736,Наблюдаемый конец маршрута. Вход 1: 25046.00 KZT; выход 0: 0.00 KZT; seed-путей 1.
100000000404740100,peripheral,0.200000,25,0.237601,Нет специфической роли. Вход 1: 25000.00 KZT; выход 0: 0.00 KZT; seed-путей 1. Граница выгрузки.
100000001598625100,peripheral,0.200000,4,0.237601,Нет специфической роли. Вход 1: 25000.00 KZT; выход 0: 0.00 KZT; seed-путей 1. Граница выгрузки.
100000002369454100,peripheral,0.200000,4,0.237601,Нет специфической роли. Вход 1: 25000.00 KZT; выход 0: 0.00 KZT; seed-путей 1. Граница выгрузки.
100000002680477100,terminal,0.450000,14,0.237601,Наблюдаемый конец маршрута. Вход 1: 25000.00 KZT; выход 0: 0.00 KZT; seed-путей 1.
100000002708624100,terminal,0.450000,25,0.237601,Наблюдаемый конец маршрута. Вход 1: 25000.00 KZT; выход 0: 0.00 KZT; seed-путей 1.
100000003617552100,terminal,0.450000,29,0.237601,Наблюдаемый конец маршрута. Вход 1: 25000.00 KZT; выход 0: 0.00 KZT; seed-путей 1.
100000005661528100,terminal,0.450000,4,0.237601,Наблюдаемый конец маршрута. Вход 1: 25000.00 KZT; выход 0: 0.00 KZT; seed-путей 1.
100000005932987100,terminal,0.650000,33,0.237601,Наблюдаемый конец маршрута. Вход 1: 25000.00 KZT; выход 0: 0.00 KZT; seed-путей 1.
100000007487729100,terminal,0.450000,1,0.237601,Наблюдаемый конец маршрута. Вход 1: 25000.00 KZT; выход 0: 0.00 KZT; seed-путей 1.
100000008383405100,terminal,0.650000,23,0.237601,Наблюдаемый конец маршрута. Вход 1: 25000.00 KZT; выход 0: 0.00 KZT; seed-путей 1.
100000008502995100,terminal,0.650000,1,0.237601,Наблюдаемый конец маршрута. Вход 1: 25000.00 KZT; выход 0: 0.00 KZT; seed-путей 1.
100000005495211100,peripheral,0.200000,1,0.236282,Нет специфической роли. Вход 1: 14500.00 KZT; выход 0: 0.00 KZT; seed-путей 2. Граница выгрузки.
100000003650146100,terminal,0.450000,5,0.236013,Наблюдаемый конец маршрута. Вход 1: 14400.00 KZT; выход 0: 0.00 KZT; seed-путей 2.
100000005782886100,peripheral,0.200000,9,0.235340,Нет специфической роли. Вход 1: 14000.00 KZT; выход 0: 0.00 KZT; seed-путей 2. Граница выгрузки.
100000008710913100,peripheral,0.200000,9,0.235340,Нет специфической роли. Вход 1: 14000.00 KZT; выход 0: 0.00 KZT; seed-путей 2. Граница выгрузки.
100000000926766100,peripheral,0.200000,25,0.233967,Нет специфической роли. Вход 1: 18750.00 KZT; выход 1: 6000.00 KZT; seed-путей 1.
100000002554175100,terminal,0.450000,8,0.233832,Наблюдаемый конец маршрута. Вход 1: 24621.00 KZT; выход 0: 0.00 KZT; seed-путей 1.
100000002858835100,terminal,0.450000,2,0.233563,Наблюдаемый конец маршрута. Вход 1: 24400.00 KZT; выход 0: 0.00 KZT; seed-путей 1.
100000002646887100,terminal,0.450000,10,0.233429,Наблюдаемый конец маршрута. Вход 1: 24354.00 KZT; выход 0: 0.00 KZT; seed-путей 1.
100000008454065100,terminal,0.450000,15,0.233159,Наблюдаемый конец маршрута. Вход 1: 24050.00 KZT; выход 0: 0.00 KZT; seed-путей 1.
100000008753897100,terminal,0.450000,2,0.233159,Наблюдаемый конец маршрута. Вход 1: 24050.00 KZT; выход 0: 0.00 KZT; seed-путей 1.
100000004167082100,peripheral,0.200000,13,0.233052,Нет специфической роли. Вход 1: 13300.00 KZT; выход 0: 0.00 KZT; seed-путей 2. Граница выгрузки.
100000000634341100,peripheral,0.200000,1,0.232756,Нет специфической роли. Вход 1: 24000.00 KZT; выход 0: 0.00 KZT; seed-путей 1. Граница выгрузки.
100000001870116100,terminal,0.450000,2,0.232756,Наблюдаемый конец маршрута. Вход 1: 24000.00 KZT; выход 0: 0.00 KZT; seed-путей 1.
100000002373386100,terminal,0.450000,2,0.232756,Наблюдаемый конец маршрута. Вход 1: 24000.00 KZT; выход 0: 0.00 KZT; seed-путей 1.
100000004655046100,peripheral,0.200000,8,0.232756,Нет специфической роли. Вход 1: 24000.00 KZT; выход 0: 0.00 KZT; seed-путей 1. Граница выгрузки.
100000008474308100,peripheral,0.200000,11,0.232756,Нет специфической роли. Вход 1: 14000.00 KZT; выход 1: 10000.00 KZT; seed-путей 1.
100000008688476100,terminal,0.450000,2,0.232756,Наблюдаемый конец маршрута. Вход 1: 24000.00 KZT; выход 0: 0.00 KZT; seed-путей 1.
100000008691168100,terminal,0.450000,2,0.232756,Наблюдаемый конец маршрута. Вход 1: 24000.00 KZT; выход 0: 0.00 KZT; seed-путей 1.
100000008765494100,terminal,0.450000,2,0.232756,Наблюдаемый конец маршрута. Вход 1: 24000.00 KZT; выход 0: 0.00 KZT; seed-путей 1.
100000007997939100,peripheral,0.200000,9,0.232379,Нет специфической роли. Вход 1: 13000.00 KZT; выход 0: 0.00 KZT; seed-путей 2. Граница выгрузки.
100000001280798100,terminal,0.450000,8,0.231544,Наблюдаемый конец маршрута. Вход 1: 23785.00 KZT; выход 0: 0.00 KZT; seed-путей 1.
100000008744364100,terminal,0.450000,2,0.231275,Наблюдаемый конец маршрута. Вход 1: 23700.00 KZT; выход 0: 0.00 KZT; seed-путей 1.
100000008771814100,terminal,0.450000,2,0.231275,Наблюдаемый конец маршрута. Вход 1: 23700.00 KZT; выход 0: 0.00 KZT; seed-путей 1.
100000004386286100,peripheral,0.200000,11,0.230898,Нет специфической роли. Вход 1: 12500.00 KZT; выход 0: 0.00 KZT; seed-путей 2. Граница выгрузки.
100000002216999100,terminal,0.450000,2,0.230871,Наблюдаемый конец маршрута. Вход 1: 23677.00 KZT; выход 0: 0.00 KZT; seed-путей 1.
100000008708368100,terminal,0.450000,2,0.230871,Наблюдаемый конец маршрута. Вход 1: 23677.00 KZT; выход 0: 0.00 KZT; seed-путей 1.
100000008722328100,terminal,0.450000,2,0.230871,Наблюдаемый конец маршрута. Вход 1: 23677.00 KZT; выход 0: 0.00 KZT; seed-путей 1.
100000003095610100,terminal,0.450000,8,0.230468,Наблюдаемый конец маршрута. Вход 1: 23665.00 KZT; выход 0: 0.00 KZT; seed-путей 1.
100000002948492100,terminal,0.450000,15,0.230333,Наблюдаемый конец маршрута. Вход 1: 23660.00 KZT; выход 0: 0.00 KZT; seed-путей 1.
100000001262647100,terminal,0.450000,16,0.230199,Наблюдаемый конец маршрута. Вход 1: 23650.00 KZT; выход 0: 0.00 KZT; seed-путей 1.
100000002913340100,terminal,0.450000,2,0.230064,Наблюдаемый конец маршрута. Вход 1: 23600.00 KZT; выход 0: 0.00 KZT; seed-путей 1.
100000008688155100,terminal,0.450000,2,0.230064,Наблюдаемый конец маршрута. Вход 1: 23600.00 KZT; выход 0: 0.00 KZT; seed-путей 1.
100000008671026100,terminal,0.450000,2,0.229795,Наблюдаемый конец маршрута. Вход 1: 23534.00 KZT; выход 0: 0.00 KZT; seed-путей 1.
100000008680451100,terminal,0.450000,2,0.229795,Наблюдаемый конец маршрута. Вход 1: 23534.00 KZT; выход 0: 0.00 KZT; seed-путей 1.
100000002603478100,terminal,0.450000,11,0.229526,Наблюдаемый конец маршрута. Вход 1: 23500.00 KZT; выход 0: 0.00 KZT; seed-путей 1.
100000003173783100,peripheral,0.200000,30,0.229526,Нет специфической роли. Вход 1: 23500.00 KZT; выход 0: 0.00 KZT; seed-путей 1. Граница выгрузки.
100000000870121100,terminal,0.450000,13,0.229283,Наблюдаемый конец маршрута. Вход 1: 12000.00 KZT; выход 0: 0.00 KZT; seed-путей 2.
100000004158362100,terminal,0.450000,1,0.229283,Наблюдаемый конец маршрута. Вход 1: 12000.00 KZT; выход 0: 0.00 KZT; seed-путей 2.
100000008314863100,terminal,0.450000,3,0.229283,Наблюдаемый конец маршрута. Вход 1: 12000.00 KZT; выход 0: 0.00 KZT; seed-путей 2.
100000001248999100,terminal,0.450000,17,0.229256,Наблюдаемый конец маршрута. Вход 1: 23425.00 KZT; выход 0: 0.00 KZT; seed-путей 1.
100000007999728100,terminal,0.450000,15,0.229122,Наблюдаемый конец маршрута. Вход 1: 23250.00 KZT; выход 0: 0.00 KZT; seed-путей 1.
100000001273783100,terminal,0.450000,8,0.228987,Наблюдаемый конец маршрута. Вход 1: 23200.00 KZT; выход 0: 0.00 KZT; seed-путей 1.
100000002871199100,terminal,0.450000,15,0.228853,Наблюдаемый конец маршрута. Вход 1: 23186.00 KZT; выход 0: 0.00 KZT; seed-путей 1.
100000008769636100,terminal,0.450000,2,0.228718,Наблюдаемый конец маршрута. Вход 1: 23118.00 KZT; выход 0: 0.00 KZT; seed-путей 1.
100000007347733100,terminal,0.450000,52,0.228583,Наблюдаемый конец маршрута. Вход 1: 23007.00 KZT; выход 0: 0.00 KZT; seed-путей 1.
100000001550419100,terminal,0.450000,15,0.228449,Наблюдаемый конец маршрута. Вход 1: 23000.00 KZT; выход 0: 0.00 KZT; seed-путей 1.
100000008690932100,terminal,0.450000,2,0.228449,Наблюдаемый конец маршрута. Вход 1: 23000.00 KZT; выход 0: 0.00 KZT; seed-путей 1.
100000008724279100,terminal,0.450000,5,0.227937,Наблюдаемый конец маршрута. Вход 1: 11750.00 KZT; выход 0: 0.00 KZT; seed-путей 2.
100000008745863100,terminal,0.450000,2,0.227641,Наблюдаемый конец маршрута. Вход 1: 22900.00 KZT; выход 0: 0.00 KZT; seed-путей 1.
100000003218308100,terminal,0.450000,1,0.227534,Наблюдаемый конец маршрута. Вход 1: 11165.00 KZT; выход 0: 0.00 KZT; seed-путей 2.
100000008661550100,terminal,0.450000,2,0.227507,Наблюдаемый конец маршрута. Вход 1: 22800.00 KZT; выход 0: 0.00 KZT; seed-путей 1.
100000004206046100,terminal,0.450000,5,0.227399,Наблюдаемый конец маршрута. Вход 1: 11075.00 KZT; выход 0: 0.00 KZT; seed-путей 2.
100000008130868100,peripheral,0.200000,14,0.227372,Нет специфической роли. Вход 1: 22782.00 KZT; выход 0: 0.00 KZT; seed-путей 1. Граница выгрузки.
100000002793851100,terminal,0.450000,5,0.227264,Наблюдаемый конец маршрута. Вход 1: 11052.00 KZT; выход 0: 0.00 KZT; seed-путей 2.
100000001969496100,terminal,0.450000,15,0.227238,Наблюдаемый конец маршрута. Вход 1: 22740.00 KZT; выход 0: 0.00 KZT; seed-путей 1.
100000007381662100,peripheral,0.200000,1,0.227130,Нет специфической роли. Вход 1: 11000.00 KZT; выход 0: 0.00 KZT; seed-путей 2. Граница выгрузки.
100000002481735100,terminal,0.650000,5,0.226968,Наблюдаемый конец маршрута. Вход 1: 22436.00 KZT; выход 0: 0.00 KZT; seed-путей 1.
100000006989232100,terminal,0.450000,1,0.226565,Наблюдаемый конец маршрута. Вход 1: 22194.00 KZT; выход 0: 0.00 KZT; seed-путей 1.
100000004739664100,transit,0.205415,2,0.226430,Признаки транзита. Вход 1: 12000.00 KZT; выход 1: 10000.00 KZT; seed-путей 1.
100000008746025100,terminal,0.450000,2,0.226430,Наблюдаемый конец маршрута. Вход 1: 22000.00 KZT; выход 0: 0.00 KZT; seed-путей 1.
100000003086040100,terminal,0.450000,1,0.225784,Наблюдаемый конец маршрута. Вход 1: 10500.00 KZT; выход 0: 0.00 KZT; seed-путей 2.
100000003338583100,terminal,0.450000,24,0.225757,Наблюдаемый конец маршрута. Вход 1: 21765.00 KZT; выход 0: 0.00 KZT; seed-путей 1.
100000004400480100,peripheral,0.200000,14,0.225622,Нет специфической роли. Вход 1: 21700.00 KZT; выход 0: 0.00 KZT; seed-путей 1. Граница выгрузки.
100000003134937100,terminal,0.450000,5,0.225515,Наблюдаемый конец маршрута. Вход 1: 10286.00 KZT; выход 0: 0.00 KZT; seed-путей 2.
100000001155773100,terminal,0.450000,2,0.225488,Наблюдаемый конец маршрута. Вход 1: 21500.00 KZT; выход 0: 0.00 KZT; seed-путей 1.
100000008691330100,terminal,0.450000,2,0.225353,Наблюдаемый конец маршрута. Вход 1: 21440.00 KZT; выход 0: 0.00 KZT; seed-путей 1.
100000005392290100,peripheral,0.200000,68,0.225341,Нет специфической роли. Вход 0: 0.00 KZT; выход 1: 81465.00 KZT; seed-путей 0.
100000001145749100,terminal,0.450000,3,0.224976,Наблюдаемый конец маршрута. Вход 1: 10000.00 KZT; выход 0: 0.00 KZT; seed-путей 2.
100000003146511100,peripheral,0.200000,13,0.224976,Нет специфической роли. Вход 1: 10000.00 KZT; выход 0: 0.00 KZT; seed-путей 2. Граница выгрузки.
100000003904497100,peripheral,0.200000,9,0.224976,Нет специфической роли. Вход 1: 10000.00 KZT; выход 0: 0.00 KZT; seed-путей 2. Граница выгрузки.
100000003943483100,terminal,0.450000,11,0.224976,Наблюдаемый конец маршрута. Вход 1: 10000.00 KZT; выход 0: 0.00 KZT; seed-путей 2.
100000004981068100,peripheral,0.200000,4,0.224976,Нет специфической роли. Вход 1: 10000.00 KZT; выход 0: 0.00 KZT; seed-путей 2. Граница выгрузки.
100000004991812100,terminal,0.450000,22,0.224976,Наблюдаемый конец маршрута. Вход 1: 10000.00 KZT; выход 0: 0.00 KZT; seed-путей 2.
100000005041147100,peripheral,0.200000,1,0.224976,Нет специфической роли. Вход 1: 10000.00 KZT; выход 0: 0.00 KZT; seed-путей 2. Граница выгрузки.
100000005941908100,terminal,0.450000,15,0.224976,Наблюдаемый конец маршрута. Вход 1: 10000.00 KZT; выход 0: 0.00 KZT; seed-путей 2.
100000006171671100,peripheral,0.200000,1,0.224976,Нет специфической роли. Вход 1: 10000.00 KZT; выход 0: 0.00 KZT; seed-путей 2. Граница выгрузки.
100000008758106100,peripheral,0.200000,9,0.224976,Нет специфической роли. Вход 1: 10000.00 KZT; выход 0: 0.00 KZT; seed-путей 2. Граница выгрузки.
100000008761132100,peripheral,0.200000,9,0.224976,Нет специфической роли. Вход 1: 10000.00 KZT; выход 0: 0.00 KZT; seed-путей 2. Граница выгрузки.
100000008761220100,peripheral,0.200000,9,0.224976,Нет специфической роли. Вход 1: 10000.00 KZT; выход 0: 0.00 KZT; seed-путей 2. Граница выгрузки.
100000000581662100,peripheral,0.200000,14,0.224950,Нет специфической роли. Вход 1: 21160.00 KZT; выход 0: 0.00 KZT; seed-путей 1. Граница выгрузки.
100000003119550100,terminal,0.450000,2,0.224815,Наблюдаемый конец маршрута. Вход 1: 21000.00 KZT; выход 0: 0.00 KZT; seed-путей 1.
100000004908173100,peripheral,0.200000,10,0.224815,Нет специфической роли. Вход 1: 21000.00 KZT; выход 0: 0.00 KZT; seed-путей 1. Граница выгрузки.
100000008695495100,terminal,0.450000,2,0.224815,Наблюдаемый конец маршрута. Вход 1: 21000.00 KZT; выход 0: 0.00 KZT; seed-путей 1.
100000008712036100,terminal,0.450000,2,0.224815,Наблюдаемый конец маршрута. Вход 1: 21000.00 KZT; выход 0: 0.00 KZT; seed-путей 1.
100000008740793100,terminal,0.450000,2,0.224815,Наблюдаемый конец маршрута. Вход 1: 21000.00 KZT; выход 0: 0.00 KZT; seed-путей 1.
100000008742266100,terminal,0.450000,2,0.224815,Наблюдаемый конец маршрута. Вход 1: 21000.00 KZT; выход 0: 0.00 KZT; seed-путей 1.
100000008763688100,terminal,0.450000,2,0.224815,Наблюдаемый конец маршрута. Вход 1: 21000.00 KZT; выход 0: 0.00 KZT; seed-путей 1.
100000002243354100,terminal,0.450000,2,0.223604,Наблюдаемый конец маршрута. Вход 1: 20879.00 KZT; выход 0: 0.00 KZT; seed-путей 1.
100000001991973100,peripheral,0.200000,8,0.223469,Нет специфической роли. Вход 1: 20800.00 KZT; выход 0: 0.00 KZT; seed-путей 1. Граница выгрузки.
100000006844004100,terminal,0.450000,1,0.223334,Наблюдаемый конец маршрута. Вход 1: 20600.00 KZT; выход 0: 0.00 KZT; seed-путей 1.
100000002982252100,terminal,0.450000,2,0.223065,Наблюдаемый конец маршрута. Вход 1: 20320.00 KZT; выход 0: 0.00 KZT; seed-путей 1.
100000008745643100,terminal,0.450000,2,0.222931,Наблюдаемый конец маршрута. Вход 1: 20313.00 KZT; выход 0: 0.00 KZT; seed-путей 1.
100000004616845100,peripheral,0.200000,56,0.222796,Нет специфической роли. Вход 1: 20200.00 KZT; выход 0: 0.00 KZT; seed-путей 1. Граница выгрузки.
100000002459163100,terminal,0.450000,55,0.222527,Наблюдаемый конец маршрута. Вход 1: 20180.00 KZT; выход 0: 0.00 KZT; seed-путей 1.
100000000425407100,terminal,0.450000,3,0.222392,Наблюдаемый конец маршрута. Вход 1: 20000.00 KZT; выход 0: 0.00 KZT; seed-путей 1.
100000001275557100,peripheral,0.200000,22,0.222392,Нет специфической роли. Вход 1: 20000.00 KZT; выход 0: 0.00 KZT; seed-путей 1. Граница выгрузки.
100000001420847100,terminal,0.647930,19,0.222392,Наблюдаемый конец маршрута. Вход 1: 20000.00 KZT; выход 0: 0.00 KZT; seed-путей 1.
100000001639766100,terminal,0.450000,7,0.222392,Наблюдаемый конец маршрута. Вход 1: 20000.00 KZT; выход 0: 0.00 KZT; seed-путей 1.
100000002227989100,peripheral,0.200000,21,0.222392,Нет специфической роли. Вход 1: 20000.00 KZT; выход 0: 0.00 KZT; seed-путей 1. Граница выгрузки.
100000002289937100,terminal,0.450000,2,0.222392,Наблюдаемый конец маршрута. Вход 1: 20000.00 KZT; выход 0: 0.00 KZT; seed-путей 1.
100000002305477100,peripheral,0.200000,21,0.222392,Нет специфической роли. Вход 1: 20000.00 KZT; выход 0: 0.00 KZT; seed-путей 1. Граница выгрузки.
100000002459164100,terminal,0.450000,1,0.222392,Наблюдаемый конец маршрута. Вход 1: 20000.00 KZT; выход 0: 0.00 KZT; seed-путей 1.
100000002546921100,terminal,0.450000,15,0.222392,Наблюдаемый конец маршрута. Вход 1: 20000.00 KZT; выход 0: 0.00 KZT; seed-путей 1.
100000002578653100,terminal,0.450000,45,0.222392,Наблюдаемый конец маршрута. Вход 1: 20000.00 KZT; выход 0: 0.00 KZT; seed-путей 1.
100000002748511100,peripheral,0.200000,5,0.222392,Нет специфической роли. Вход 1: 20000.00 KZT; выход 0: 0.00 KZT; seed-путей 1. Граница выгрузки.
100000003177533100,peripheral,0.200000,4,0.222392,Нет специфической роли. Вход 1: 20000.00 KZT; выход 0: 0.00 KZT; seed-путей 1. Граница выгрузки.
100000003594472100,terminal,0.450000,31,0.222392,Наблюдаемый конец маршрута. Вход 1: 20000.00 KZT; выход 0: 0.00 KZT; seed-путей 1.
100000004350094100,peripheral,0.200000,19,0.222392,Нет специфической роли. Вход 1: 20000.00 KZT; выход 0: 0.00 KZT; seed-путей 1. Граница выгрузки.
100000004571634100,peripheral,0.200000,12,0.222392,Нет специфической роли. Вход 1: 20000.00 KZT; выход 0: 0.00 KZT; seed-путей 1. Граница выгрузки.
100000004674178100,peripheral,0.200000,25,0.222392,Нет специфической роли. Вход 1: 20000.00 KZT; выход 0: 0.00 KZT; seed-путей 1. Граница выгрузки.
100000004687282100,terminal,0.450000,5,0.222392,Наблюдаемый конец маршрута. Вход 1: 20000.00 KZT; выход 0: 0.00 KZT; seed-путей 1.
100000004697956100,transit,0.705415,7,0.222392,Признаки транзита. Вход 1: 10000.00 KZT; выход 1: 10000.00 KZT; seed-путей 1.
100000004856746100,peripheral,0.200000,33,0.222392,Нет специфической роли. Вход 1: 20000.00 KZT; выход 0: 0.00 KZT; seed-путей 1. Граница выгрузки.
100000005056870100,terminal,0.450000,44,0.222392,Наблюдаемый конец маршрута. Вход 1: 20000.00 KZT; выход 0: 0.00 KZT; seed-путей 1.
100000005087923100,peripheral,0.200000,27,0.222392,Нет специфической роли. Вход 1: 20000.00 KZT; выход 0: 0.00 KZT; seed-путей 1. Граница выгрузки.
100000005669845100,terminal,0.450000,29,0.222392,Наблюдаемый конец маршрута. Вход 1: 20000.00 KZT; выход 0: 0.00 KZT; seed-путей 1.
100000005756535100,terminal,0.450000,2,0.222392,Наблюдаемый конец маршрута. Вход 1: 20000.00 KZT; выход 0: 0.00 KZT; seed-путей 1.
100000006710485100,terminal,0.450000,2,0.222392,Наблюдаемый конец маршрута. Вход 1: 20000.00 KZT; выход 0: 0.00 KZT; seed-путей 1.
100000006787636100,terminal,0.450000,53,0.222392,Наблюдаемый конец маршрута. Вход 1: 20000.00 KZT; выход 0: 0.00 KZT; seed-путей 1.
100000006918814100,peripheral,0.200000,3,0.222392,Нет специфической роли. Вход 1: 20000.00 KZT; выход 0: 0.00 KZT; seed-путей 1. Граница выгрузки.
100000007175718100,terminal,0.450000,44,0.222392,Наблюдаемый конец маршрута. Вход 1: 20000.00 KZT; выход 0: 0.00 KZT; seed-путей 1.
100000007337374100,terminal,0.647930,2,0.222392,Наблюдаемый конец маршрута. Вход 1: 20000.00 KZT; выход 0: 0.00 KZT; seed-путей 1.
100000008416433100,terminal,0.450000,15,0.222392,Наблюдаемый конец маршрута. Вход 1: 20000.00 KZT; выход 0: 0.00 KZT; seed-путей 1.
100000008471634100,peripheral,0.200000,25,0.222392,Нет специфической роли. Вход 1: 20000.00 KZT; выход 0: 0.00 KZT; seed-путей 1. Граница выгрузки.
100000008629504100,peripheral,0.200000,1,0.222392,Нет специфической роли. Вход 1: 20000.00 KZT; выход 0: 0.00 KZT; seed-путей 1. Граница выгрузки.
100000008682426100,terminal,0.450000,15,0.222392,Наблюдаемый конец маршрута. Вход 1: 20000.00 KZT; выход 0: 0.00 KZT; seed-путей 1.
100000008693069100,terminal,0.450000,2,0.222392,Наблюдаемый конец маршрута. Вход 1: 20000.00 KZT; выход 0: 0.00 KZT; seed-путей 1.
100000008745884100,terminal,0.450000,2,0.222392,Наблюдаемый конец маршрута. Вход 1: 20000.00 KZT; выход 0: 0.00 KZT; seed-путей 1.
100000005357034100,terminal,0.450000,1,0.216632,Наблюдаемый конец маршрута. Вход 1: 9754.00 KZT; выход 0: 0.00 KZT; seed-путей 2.
100000006658598100,terminal,0.450000,5,0.215690,Наблюдаемый конец маршрута. Вход 1: 9000.00 KZT; выход 0: 0.00 KZT; seed-путей 2.
100000006903193100,peripheral,0.200000,1,0.215690,Нет специфической роли. Вход 1: 9000.00 KZT; выход 0: 0.00 KZT; seed-путей 2. Граница выгрузки.
100000008677215100,terminal,0.450000,22,0.215690,Наблюдаемый конец маршрута. Вход 1: 9000.00 KZT; выход 0: 0.00 KZT; seed-путей 2.
100000004445291100,terminal,0.641357,25,0.215528,Наблюдаемый конец маршрута. Вход 1: 19500.00 KZT; выход 0: 0.00 KZT; seed-путей 1.
100000008066326100,terminal,0.450000,1,0.215394,Наблюдаемый конец маршрута. Вход 1: 19320.00 KZT; выход 0: 0.00 KZT; seed-путей 1.
100000008776310100,terminal,0.450000,2,0.215259,Наблюдаемый конец маршрута. Вход 1: 19200.00 KZT; выход 0: 0.00 KZT; seed-путей 1.
100000003187359100,terminal,0.450000,2,0.215124,Наблюдаемый конец маршрута. Вход 1: 19072.00 KZT; выход 0: 0.00 KZT; seed-путей 1.
100000001298099100,terminal,0.450000,8,0.214990,Наблюдаемый конец маршрута. Вход 1: 19000.00 KZT; выход 0: 0.00 KZT; seed-путей 1.
100000008679986100,terminal,0.450000,2,0.214990,Наблюдаемый конец маршрута. Вход 1: 19000.00 KZT; выход 0: 0.00 KZT; seed-путей 1.
100000008696692100,terminal,0.450000,2,0.214990,Наблюдаемый конец маршрута. Вход 1: 19000.00 KZT; выход 0: 0.00 KZT; seed-путей 1.
100000008749063100,terminal,0.450000,2,0.214990,Наблюдаемый конец маршрута. Вход 1: 19000.00 KZT; выход 0: 0.00 KZT; seed-путей 1.
100000006177176100,terminal,0.450000,5,0.214748,Наблюдаемый конец маршрута. Вход 1: 8911.00 KZT; выход 0: 0.00 KZT; seed-путей 2.
100000004140994100,terminal,0.450000,2,0.214317,Наблюдаемый конец маршрута. Вход 1: 18650.00 KZT; выход 0: 0.00 KZT; seed-путей 1.
100000002095257100,terminal,0.450000,11,0.214209,Наблюдаемый конец маршрута. Вход 1: 8500.00 KZT; выход 0: 0.00 KZT; seed-путей 2.
100000002881669100,terminal,0.450000,11,0.214182,Наблюдаемый конец маршрута. Вход 1: 18600.00 KZT; выход 0: 0.00 KZT; seed-путей 1.
100000003239859100,terminal,0.450000,11,0.214182,Наблюдаемый конец маршрута. Вход 1: 18600.00 KZT; выход 0: 0.00 KZT; seed-путей 1.
100000004971871100,peripheral,0.200000,57,0.214021,Нет специфической роли. Вход 1: 25400.00 KZT; выход 1: 5650.00 KZT; seed-путей 0.
100000002893020100,terminal,0.450000,8,0.213913,Наблюдаемый конец маршрута. Вход 1: 18340.00 KZT; выход 0: 0.00 KZT; seed-путей 1.
100000002597074100,peripheral,0.200000,1,0.213536,Нет специфической роли. Вход 1: 8000.00 KZT; выход 0: 0.00 KZT; seed-путей 2. Граница выгрузки.
100000004433250100,peripheral,0.200000,1,0.213536,Нет специфической роли. Вход 1: 8000.00 KZT; выход 0: 0.00 KZT; seed-путей 2. Граница выгрузки.
100000005730108100,terminal,0.450000,1,0.213536,Наблюдаемый конец маршрута. Вход 1: 8000.00 KZT; выход 0: 0.00 KZT; seed-путей 2.
100000001103905100,terminal,0.450000,2,0.213509,Наблюдаемый конец маршрута. Вход 1: 18000.00 KZT; выход 0: 0.00 KZT; seed-путей 1.
100000002723439100,peripheral,0.200000,12,0.213509,Нет специфической роли. Вход 1: 18000.00 KZT; выход 0: 0.00 KZT; seed-путей 1. Граница выгрузки.
100000005059998100,terminal,0.450000,1,0.213509,Наблюдаемый конец маршрута. Вход 1: 18000.00 KZT; выход 0: 0.00 KZT; seed-путей 1.
100000008461217100,peripheral,0.200000,49,0.213509,Нет специфической роли. Вход 1: 18000.00 KZT; выход 0: 0.00 KZT; seed-путей 1. Граница выгрузки.
100000008712184100,terminal,0.450000,2,0.213509,Наблюдаемый конец маршрута. Вход 1: 18000.00 KZT; выход 0: 0.00 KZT; seed-путей 1.
100000008715887100,terminal,0.450000,2,0.213509,Наблюдаемый конец маршрута. Вход 1: 18000.00 KZT; выход 0: 0.00 KZT; seed-путей 1.
100000008716222100,terminal,0.450000,2,0.213509,Наблюдаемый конец маршрута. Вход 1: 18000.00 KZT; выход 0: 0.00 KZT; seed-путей 1.
100000008754997100,terminal,0.450000,2,0.213509,Наблюдаемый конец маршрута. Вход 1: 18000.00 KZT; выход 0: 0.00 KZT; seed-путей 1.
100000008777088100,terminal,0.450000,2,0.213509,Наблюдаемый конец маршрута. Вход 1: 18000.00 KZT; выход 0: 0.00 KZT; seed-путей 1.
100000004848236100,peripheral,0.200000,1,0.212056,Нет специфической роли. Вход 1: 7500.00 KZT; выход 0: 0.00 KZT; seed-путей 2. Граница выгрузки.
100000002514975100,peripheral,0.200000,26,0.211625,Нет специфической роли. Вход 1: 17920.00 KZT; выход 0: 0.00 KZT; seed-путей 1. Граница выгрузки.
100000004041294100,peripheral,0.200000,25,0.211356,Нет специфической роли. Вход 1: 17800.00 KZT; выход 0: 0.00 KZT; seed-путей 1. Граница выгрузки.
100000002116705100,terminal,0.450000,2,0.211221,Наблюдаемый конец маршрута. Вход 1: 17600.00 KZT; выход 0: 0.00 KZT; seed-путей 1.
100000002511581100,terminal,0.450000,2,0.211221,Наблюдаемый конец маршрута. Вход 1: 17600.00 KZT; выход 0: 0.00 KZT; seed-путей 1.
100000008687990100,terminal,0.450000,2,0.211221,Наблюдаемый конец маршрута. Вход 1: 17600.00 KZT; выход 0: 0.00 KZT; seed-путей 1.
100000008735832100,terminal,0.450000,2,0.211221,Наблюдаемый конец маршрута. Вход 1: 17600.00 KZT; выход 0: 0.00 KZT; seed-путей 1.
100000008755168100,terminal,0.450000,2,0.211221,Наблюдаемый конец маршрута. Вход 1: 17600.00 KZT; выход 0: 0.00 KZT; seed-путей 1.
100000000907277100,terminal,0.450000,2,0.210548,Наблюдаемый конец маршрута. Вход 1: 17534.00 KZT; выход 0: 0.00 KZT; seed-путей 1.
100000008667058100,terminal,0.450000,2,0.210548,Наблюдаемый конец маршрута. Вход 1: 17534.00 KZT; выход 0: 0.00 KZT; seed-путей 1.
100000008691027100,terminal,0.450000,2,0.210548,Наблюдаемый конец маршрута. Вход 1: 17534.00 KZT; выход 0: 0.00 KZT; seed-путей 1.
100000008729801100,terminal,0.450000,2,0.210548,Наблюдаемый конец маршрута. Вход 1: 17534.00 KZT; выход 0: 0.00 KZT; seed-путей 1.
100000005553088100,peripheral,0.200000,4,0.210010,Нет специфической роли. Вход 1: 17500.00 KZT; выход 0: 0.00 KZT; seed-путей 1. Граница выгрузки.
100000008683818100,terminal,0.450000,2,0.209741,Наблюдаемый конец маршрута. Вход 1: 17400.00 KZT; выход 0: 0.00 KZT; seed-путей 1.
100000008767950100,terminal,0.450000,2,0.209472,Наблюдаемый конец маршрута. Вход 1: 17350.00 KZT; выход 0: 0.00 KZT; seed-путей 1.
100000005995391100,terminal,0.450000,2,0.209337,Наблюдаемый конец маршрута. Вход 1: 17200.00 KZT; выход 0: 0.00 KZT; seed-путей 1.
100000007022818100,terminal,0.450000,2,0.209337,Наблюдаемый конец маршрута. Вход 1: 17200.00 KZT; выход 0: 0.00 KZT; seed-путей 1.
100000008309514100,terminal,0.450000,2,0.209337,Наблюдаемый конец маршрута. Вход 1: 17200.00 KZT; выход 0: 0.00 KZT; seed-путей 1.
100000008684951100,terminal,0.450000,2,0.209337,Наблюдаемый конец маршрута. Вход 1: 17200.00 KZT; выход 0: 0.00 KZT; seed-путей 1.
100000008706947100,terminal,0.450000,2,0.209337,Наблюдаемый конец маршрута. Вход 1: 17200.00 KZT; выход 0: 0.00 KZT; seed-путей 1.
100000008708595100,terminal,0.450000,2,0.209337,Наблюдаемый конец маршрута. Вход 1: 17200.00 KZT; выход 0: 0.00 KZT; seed-путей 1.
100000008173359100,terminal,0.450000,5,0.208826,Наблюдаемый конец маршрута. Вход 1: 6110.00 KZT; выход 0: 0.00 KZT; seed-путей 2.
100000008749900100,terminal,0.450000,2,0.208530,Наблюдаемый конец маршрута. Вход 1: 17150.00 KZT; выход 0: 0.00 KZT; seed-путей 1.
100000001111763100,terminal,0.450000,2,0.208395,Наблюдаемый конец маршрута. Вход 1: 17144.00 KZT; выход 0: 0.00 KZT; seed-путей 1.
100000004491881100,terminal,0.450000,2,0.208395,Наблюдаемый конец маршрута. Вход 1: 17144.00 KZT; выход 0: 0.00 KZT; seed-путей 1.
100000008749406100,terminal,0.450000,2,0.208395,Наблюдаемый конец маршрута. Вход 1: 17144.00 KZT; выход 0: 0.00 KZT; seed-путей 1.
100000008767925100,terminal,0.450000,2,0.208395,Наблюдаемый конец маршрута. Вход 1: 17144.00 KZT; выход 0: 0.00 KZT; seed-путей 1.
100000001380107100,terminal,0.450000,54,0.208287,Наблюдаемый конец маршрута. Вход 1: 6000.00 KZT; выход 0: 0.00 KZT; seed-путей 2.
100000007737775100,terminal,0.450000,12,0.208287,Наблюдаемый конец маршрута. Вход 1: 6000.00 KZT; выход 0: 0.00 KZT; seed-путей 2.
100000003010908100,peripheral,0.200000,8,0.207587,Нет специфической роли. Вход 1: 17000.00 KZT; выход 0: 0.00 KZT; seed-путей 1. Граница выгрузки.
100000008029279100,terminal,0.450000,4,0.207587,Наблюдаемый конец маршрута. Вход 1: 17000.00 KZT; выход 0: 0.00 KZT; seed-путей 1.
100000008759795100,peripheral,0.200000,8,0.207587,Нет специфической роли. Вход 1: 17000.00 KZT; выход 0: 0.00 KZT; seed-путей 1. Граница выгрузки.
100000008321975100,peripheral,0.200000,21,0.207211,Нет специфической роли. Вход 1: 5900.00 KZT; выход 0: 0.00 KZT; seed-путей 2. Граница выгрузки.
100000007382152100,terminal,0.450000,1,0.207076,Наблюдаемый конец маршрута. Вход 1: 5860.00 KZT; выход 0: 0.00 KZT; seed-путей 2.
100000004286573100,terminal,0.450000,11,0.207049,Наблюдаемый конец маршрута. Вход 1: 16590.00 KZT; выход 0: 0.00 KZT; seed-путей 1.
100000003336565100,terminal,0.450000,2,0.206915,Наблюдаемый конец маршрута. Вход 1: 16550.00 KZT; выход 0: 0.00 KZT; seed-путей 1.
100000006866831100,peripheral,0.200000,1,0.206780,Нет специфической роли. Вход 1: 16500.00 KZT; выход 0: 0.00 KZT; seed-путей 1. Граница выгрузки.
100000008662805100,terminal,0.450000,2,0.206780,Наблюдаемый конец маршрута. Вход 1: 16500.00 KZT; выход 0: 0.00 KZT; seed-путей 1.
100000008771627100,terminal,0.450000,2,0.206780,Наблюдаемый конец маршрута. Вход 1: 16500.00 KZT; выход 0: 0.00 KZT; seed-путей 1.
100000005996909100,terminal,0.450000,16,0.206538,Наблюдаемый конец маршрута. Вход 1: 5500.00 KZT; выход 0: 0.00 KZT; seed-путей 2.
100000005847078100,terminal,0.450000,2,0.205838,Наблюдаемый конец маршрута. Вход 1: 16300.00 KZT; выход 0: 0.00 KZT; seed-путей 1.
100000008664774100,terminal,0.450000,2,0.205838,Наблюдаемый конец маршрута. Вход 1: 16300.00 KZT; выход 0: 0.00 KZT; seed-путей 1.
100000001389255100,terminal,0.450000,2,0.205569,Наблюдаемый конец маршрута. Вход 1: 16136.00 KZT; выход 0: 0.00 KZT; seed-путей 1.
100000001065481100,peripheral,0.200000,13,0.205434,Нет специфической роли. Вход 1: 16000.00 KZT; выход 0: 0.00 KZT; seed-путей 1. Граница выгрузки.
100000004765639100,peripheral,0.200000,1,0.205434,Нет специфической роли. Вход 1: 5000.00 KZT; выход 2: 11000.00 KZT; seed-путей 1.
100000006491963100,peripheral,0.200000,8,0.205434,Нет специфической роли. Вход 1: 16000.00 KZT; выход 0: 0.00 KZT; seed-путей 1. Граница выгрузки.
100000008720668100,terminal,0.450000,2,0.205434,Наблюдаемый конец маршрута. Вход 1: 16000.00 KZT; выход 0: 0.00 KZT; seed-путей 1.
100000008736394100,terminal,0.450000,2,0.205434,Наблюдаемый конец маршрута. Вход 1: 16000.00 KZT; выход 0: 0.00 KZT; seed-путей 1.
100000008749989100,terminal,0.450000,2,0.205434,Наблюдаемый конец маршрута. Вход 1: 16000.00 KZT; выход 0: 0.00 KZT; seed-путей 1.
100000008755580100,terminal,0.450000,2,0.205434,Наблюдаемый конец маршрута. Вход 1: 16000.00 KZT; выход 0: 0.00 KZT; seed-путей 1.
100000006476758100,terminal,0.450000,12,0.204653,Наблюдаемый конец маршрута. Вход 1: 5200.00 KZT; выход 0: 0.00 KZT; seed-путей 2.
100000008654653100,peripheral,0.200000,5,0.204211,Нет специфической роли. Вход 0: 0.00 KZT; выход 1: 54000.00 KZT; seed-путей 0.
100000003214786100,peripheral,0.200000,1,0.204115,Нет специфической роли. Вход 1: 5000.00 KZT; выход 0: 0.00 KZT; seed-путей 2. Граница выгрузки.
100000004107228100,peripheral,0.200000,3,0.204115,Нет специфической роли. Вход 1: 5000.00 KZT; выход 0: 0.00 KZT; seed-путей 2. Граница выгрузки.
100000004472936100,peripheral,0.200000,13,0.204115,Нет специфической роли. Вход 1: 5000.00 KZT; выход 0: 0.00 KZT; seed-путей 2. Граница выгрузки.
100000005209352100,peripheral,0.200000,1,0.204115,Нет специфической роли. Вход 1: 5000.00 KZT; выход 0: 0.00 KZT; seed-путей 2. Граница выгрузки.
100000008758607100,peripheral,0.200000,9,0.204115,Нет специфической роли. Вход 1: 5000.00 KZT; выход 0: 0.00 KZT; seed-путей 2. Граница выгрузки.
100000008766031100,peripheral,0.200000,9,0.204115,Нет специфической роли. Вход 1: 5000.00 KZT; выход 0: 0.00 KZT; seed-путей 2. Граница выгрузки.
100000008766764100,peripheral,0.200000,9,0.204115,Нет специфической роли. Вход 1: 5000.00 KZT; выход 0: 0.00 KZT; seed-путей 2. Граница выгрузки.
100000008770483100,peripheral,0.200000,46,0.204115,Нет специфической роли. Вход 1: 5000.00 KZT; выход 0: 0.00 KZT; seed-путей 2. Граница выгрузки.
100000008775747100,peripheral,0.200000,9,0.204115,Нет специфической роли. Вход 1: 5000.00 KZT; выход 0: 0.00 KZT; seed-путей 2. Граница выгрузки.
100000003009900100,terminal,0.450000,8,0.204088,Наблюдаемый конец маршрута. Вход 1: 15998.00 KZT; выход 0: 0.00 KZT; seed-путей 1.
100000008668099100,terminal,0.450000,2,0.203684,Наблюдаемый конец маршрута. Вход 1: 15700.00 KZT; выход 0: 0.00 KZT; seed-путей 1.
100000008686494100,terminal,0.450000,2,0.203684,Наблюдаемый конец маршрута. Вход 1: 15700.00 KZT; выход 0: 0.00 KZT; seed-путей 1.
100000008716773100,terminal,0.450000,2,0.203281,Наблюдаемый конец маршрута. Вход 1: 15677.00 KZT; выход 0: 0.00 KZT; seed-путей 1.
100000008732098100,terminal,0.450000,2,0.203281,Наблюдаемый конец маршрута. Вход 1: 15677.00 KZT; выход 0: 0.00 KZT; seed-путей 1.
100000000661131100,terminal,0.450000,2,0.203011,Наблюдаемый конец маршрута. Вход 1: 15600.00 KZT; выход 0: 0.00 KZT; seed-путей 1.
100000001953577100,terminal,0.450000,2,0.203011,Наблюдаемый конец маршрута. Вход 1: 15600.00 KZT; выход 0: 0.00 KZT; seed-путей 1.
100000008663723100,terminal,0.450000,2,0.203011,Наблюдаемый конец маршрута. Вход 1: 15600.00 KZT; выход 0: 0.00 KZT; seed-путей 1.
100000008672162100,terminal,0.450000,2,0.202608,Наблюдаемый конец маршрута. Вход 1: 15550.00 KZT; выход 0: 0.00 KZT; seed-путей 1.
100000008708743100,terminal,0.450000,2,0.202608,Наблюдаемый конец маршрута. Вход 1: 15550.00 KZT; выход 0: 0.00 KZT; seed-путей 1.
100000004497606100,terminal,0.450000,2,0.202338,Наблюдаемый конец маршрута. Вход 1: 15534.00 KZT; выход 0: 0.00 KZT; seed-путей 1.
100000008670667100,terminal,0.450000,2,0.202338,Наблюдаемый конец маршрута. Вход 1: 15534.00 KZT; выход 0: 0.00 KZT; seed-путей 1.
100000008718089100,terminal,0.450000,2,0.202338,Наблюдаемый конец маршрута. Вход 1: 15534.00 KZT; выход 0: 0.00 KZT; seed-путей 1.
100000008720798100,terminal,0.450000,2,0.202338,Наблюдаемый конец маршрута. Вход 1: 15534.00 KZT; выход 0: 0.00 KZT; seed-путей 1.
100000004222274100,peripheral,0.200000,1,0.201800,Нет специфической роли. Вход 1: 15500.00 KZT; выход 0: 0.00 KZT; seed-путей 1. Граница выгрузки.
100000007631637100,terminal,0.450000,2,0.201396,Наблюдаемый конец маршрута. Вход 1: 15341.00 KZT; выход 0: 0.00 KZT; seed-путей 1.
100000005172860100,terminal,0.450000,1,0.201127,Наблюдаемый конец маршрута. Вход 1: 15209.20 KZT; выход 0: 0.00 KZT; seed-путей 1.
100000000424935100,peripheral,0.200000,28,0.200723,Нет специфической роли. Вход 1: 15000.00 KZT; выход 0: 0.00 KZT; seed-путей 1. Граница выгрузки.
100000000968253100,terminal,0.450000,2,0.200723,Наблюдаемый конец маршрута. Вход 1: 15000.00 KZT; выход 0: 0.00 KZT; seed-путей 1.
100000001530740100,terminal,0.450000,5,0.200723,Наблюдаемый конец маршрута. Вход 1: 15000.00 KZT; выход 0: 0.00 KZT; seed-путей 1.
100000002231144100,peripheral,0.200000,21,0.200723,Нет специфической роли. Вход 1: 15000.00 KZT; выход 0: 0.00 KZT; seed-путей 1. Граница выгрузки.
100000002304943100,peripheral,0.200000,21,0.200723,Нет специфической роли. Вход 1: 15000.00 KZT; выход 0: 0.00 KZT; seed-путей 1. Граница выгрузки.
100000002653187100,peripheral,0.200000,11,0.200723,Нет специфической роли. Вход 1: 15000.00 KZT; выход 0: 0.00 KZT; seed-путей 1. Граница выгрузки.
100000002707106100,peripheral,0.200000,15,0.200723,Нет специфической роли. Вход 1: 15000.00 KZT; выход 0: 0.00 KZT; seed-путей 1. Граница выгрузки.
100000002975287100,terminal,0.450000,17,0.200723,Наблюдаемый конец маршрута. Вход 1: 15000.00 KZT; выход 0: 0.00 KZT; seed-путей 1.
100000003241965100,terminal,0.450000,8,0.200723,Наблюдаемый конец маршрута. Вход 1: 15000.00 KZT; выход 0: 0.00 KZT; seed-путей 1.
100000004379306100,peripheral,0.200000,4,0.200723,Нет специфической роли. Вход 1: 15000.00 KZT; выход 0: 0.00 KZT; seed-путей 1. Граница выгрузки.
100000004573782100,terminal,0.450000,7,0.200723,Наблюдаемый конец маршрута. Вход 1: 15000.00 KZT; выход 0: 0.00 KZT; seed-путей 1.
100000004674389100,peripheral,0.200000,12,0.200723,Нет специфической роли. Вход 1: 15000.00 KZT; выход 0: 0.00 KZT; seed-путей 1. Граница выгрузки.
100000006412162100,peripheral,0.200000,8,0.200723,Нет специфической роли. Вход 1: 15000.00 KZT; выход 0: 0.00 KZT; seed-путей 1. Граница выгрузки.
100000008011573100,terminal,0.450000,17,0.200723,Наблюдаемый конец маршрута. Вход 1: 15000.00 KZT; выход 0: 0.00 KZT; seed-путей 1.
100000008547295100,terminal,0.450000,7,0.200723,Наблюдаемый конец маршрута. Вход 1: 15000.00 KZT; выход 0: 0.00 KZT; seed-путей 1.
100000008687492100,terminal,0.450000,2,0.200723,Наблюдаемый конец маршрута. Вход 1: 15000.00 KZT; выход 0: 0.00 KZT; seed-путей 1.
100000005744674100,peripheral,0.200000,20,0.197885,Нет специфической роли. Вход 0: 0.00 KZT; выход 1: 50066.00 KZT; seed-путей 0.
100000008776576100,terminal,0.450000,2,0.196955,Наблюдаемый конец маршрута. Вход 1: 14765.00 KZT; выход 0: 0.00 KZT; seed-путей 1.
100000008687733100,terminal,0.450000,2,0.196820,Наблюдаемый конец маршрута. Вход 1: 14650.00 KZT; выход 0: 0.00 KZT; seed-путей 1.
100000002992171100,terminal,0.450000,2,0.196686,Наблюдаемый конец маршрута. Вход 1: 14627.00 KZT; выход 0: 0.00 KZT; seed-путей 1.
100000008717341100,terminal,0.450000,2,0.196686,Наблюдаемый конец маршрута. Вход 1: 14627.00 KZT; выход 0: 0.00 KZT; seed-путей 1.
100000008755361100,terminal,0.450000,2,0.196686,Наблюдаемый конец маршрута. Вход 1: 14627.00 KZT; выход 0: 0.00 KZT; seed-путей 1.
100000004613582100,peripheral,0.200000,7,0.196282,Нет специфической роли. Вход 1: 5000.00 KZT; выход 1: 9500.00 KZT; seed-путей 1.
100000001690439100,terminal,0.450000,6,0.195878,Наблюдаемый конец маршрута. Вход 1: 14200.00 KZT; выход 0: 0.00 KZT; seed-путей 1.
100000008706846100,terminal,0.450000,2,0.195878,Наблюдаемый конец маршрута. Вход 1: 14200.00 KZT; выход 0: 0.00 KZT; seed-путей 1.
100000005187208100,terminal,0.450000,6,0.195609,Наблюдаемый конец маршрута. Вход 1: 14160.00 KZT; выход 0: 0.00 KZT; seed-путей 1.
100000002830055100,terminal,0.450000,2,0.195340,Наблюдаемый конец маршрута. Вход 1: 14000.00 KZT; выход 0: 0.00 KZT; seed-путей 1.
100000003078839100,peripheral,0.200000,4,0.195340,Нет специфической роли. Вход 1: 14000.00 KZT; выход 0: 0.00 KZT; seed-путей 1. Граница выгрузки.
100000006161893100,terminal,0.450000,5,0.195340,Наблюдаемый конец маршрута. Вход 1: 14000.00 KZT; выход 0: 0.00 KZT; seed-путей 1.
100000008548853100,terminal,0.450000,2,0.195340,Наблюдаемый конец маршрута. Вход 1: 14000.00 KZT; выход 0: 0.00 KZT; seed-путей 1.
100000008554390100,peripheral,0.200000,8,0.195340,Нет специфической роли. Вход 1: 14000.00 KZT; выход 0: 0.00 KZT; seed-путей 1. Граница выгрузки.
100000008663007100,terminal,0.450000,2,0.195340,Наблюдаемый конец маршрута. Вход 1: 14000.00 KZT; выход 0: 0.00 KZT; seed-путей 1.
100000008672493100,terminal,0.450000,2,0.195340,Наблюдаемый конец маршрута. Вход 1: 14000.00 KZT; выход 0: 0.00 KZT; seed-путей 1.
100000001716579100,terminal,0.450000,2,0.193994,Наблюдаемый конец маршрута. Вход 1: 13916.00 KZT; выход 0: 0.00 KZT; seed-путей 1.
100000004502048100,peripheral,0.200000,19,0.193859,Нет специфической роли. Вход 1: 13888.00 KZT; выход 0: 0.00 KZT; seed-путей 1. Граница выгрузки.
100000001740277100,peripheral,0.200000,7,0.193725,Нет специфической роли. Вход 1: 8700.00 KZT; выход 1: 5000.00 KZT; seed-путей 1.
100000002320495100,peripheral,0.200000,17,0.193456,Нет специфической роли. Вход 1: 13526.27 KZT; выход 0: 0.00 KZT; seed-путей 1. Граница выгрузки.
100000008677368100,peripheral,0.200000,7,0.193321,Нет специфической роли. Вход 1: 13500.00 KZT; выход 0: 0.00 KZT; seed-путей 1. Граница выгрузки.
100000004691350100,peripheral,0.200000,48,0.193052,Нет специфической роли. Вход 1: 13300.00 KZT; выход 0: 0.00 KZT; seed-путей 1. Граница выгрузки.
100000008764436100,terminal,0.450000,2,0.192648,Наблюдаемый конец маршрута. Вход 1: 13100.00 KZT; выход 0: 0.00 KZT; seed-путей 1.
100000001089055100,peripheral,0.200000,17,0.192379,Нет специфической роли. Вход 1: 13000.00 KZT; выход 0: 0.00 KZT; seed-путей 1. Граница выгрузки.
100000005849862100,peripheral,0.200000,7,0.192379,Нет специфической роли. Вход 1: 13000.00 KZT; выход 0: 0.00 KZT; seed-путей 1. Граница выгрузки.
100000008190442100,terminal,0.450000,2,0.192379,Наблюдаемый конец маршрута. Вход 1: 13000.00 KZT; выход 0: 0.00 KZT; seed-путей 1.
100000008672480100,terminal,0.450000,2,0.192379,Наблюдаемый конец маршрута. Вход 1: 13000.00 KZT; выход 0: 0.00 KZT; seed-путей 1.
100000008672762100,terminal,0.450000,2,0.192379,Наблюдаемый конец маршрута. Вход 1: 13000.00 KZT; выход 0: 0.00 KZT; seed-путей 1.
100000008631800100,peripheral,0.200000,8,0.191571,Нет специфической роли. Вход 1: 12850.00 KZT; выход 0: 0.00 KZT; seed-путей 1. Граница выгрузки.
100000008688109100,terminal,0.450000,2,0.191437,Наблюдаемый конец маршрута. Вход 1: 12800.00 KZT; выход 0: 0.00 KZT; seed-путей 1.
100000005496254100,terminal,0.450000,1,0.191168,Наблюдаемый конец маршрута. Вход 1: 12700.00 KZT; выход 0: 0.00 KZT; seed-путей 1.
100000008744799100,terminal,0.450000,2,0.191033,Наблюдаемый конец маршрута. Вход 1: 12600.00 KZT; выход 0: 0.00 KZT; seed-путей 1.
100000002832753100,peripheral,0.200000,16,0.190898,Нет специфической роли. Вход 1: 12500.00 KZT; выход 0: 0.00 KZT; seed-путей 1. Граница выгрузки.
100000002671806100,terminal,0.450000,11,0.190495,Наблюдаемый конец маршрута. Вход 1: 12440.00 KZT; выход 0: 0.00 KZT; seed-путей 1.
100000002646745100,terminal,0.450000,2,0.190360,Наблюдаемый конец маршрута. Вход 1: 12300.00 KZT; выход 0: 0.00 KZT; seed-путей 1.
100000005089460100,terminal,0.450000,2,0.190360,Наблюдаемый конец маршрута. Вход 1: 12300.00 KZT; выход 0: 0.00 KZT; seed-путей 1.
100000005588444100,terminal,0.450000,7,0.190360,Наблюдаемый конец маршрута. Вход 1: 12300.00 KZT; выход 0: 0.00 KZT; seed-путей 1.
100000007289427100,terminal,0.450000,3,0.190360,Наблюдаемый конец маршрута. Вход 1: 12300.00 KZT; выход 0: 0.00 KZT; seed-путей 1.
100000008754608100,terminal,0.450000,2,0.190360,Наблюдаемый конец маршрута. Вход 1: 12300.00 KZT; выход 0: 0.00 KZT; seed-путей 1.
100000008716439100,terminal,0.450000,2,0.189687,Наблюдаемый конец маршрута. Вход 1: 12267.00 KZT; выход 0: 0.00 KZT; seed-путей 1.
100000003047800100,peripheral,0.200000,14,0.189552,Нет специфической роли. Вход 1: 12212.00 KZT; выход 0: 0.00 KZT; seed-путей 1. Граница выгрузки.
100000008716072100,terminal,0.450000,2,0.189418,Наблюдаемый конец маршрута. Вход 1: 12100.00 KZT; выход 0: 0.00 KZT; seed-путей 1.
100000001149815100,terminal,0.450000,2,0.189283,Наблюдаемый конец маршрута. Вход 1: 12000.00 KZT; выход 0: 0.00 KZT; seed-путей 1.
100000002645046100,peripheral,0.200000,8,0.189283,Нет специфической роли. Вход 1: 12000.00 KZT; выход 0: 0.00 KZT; seed-путей 1. Граница выгрузки.
100000002744581100,terminal,0.450000,7,0.189283,Наблюдаемый конец маршрута. Вход 1: 12000.00 KZT; выход 0: 0.00 KZT; seed-путей 1.
100000002876914100,peripheral,0.200000,8,0.189283,Нет специфической роли. Вход 1: 12000.00 KZT; выход 0: 0.00 KZT; seed-путей 1. Граница выгрузки.
100000004780327100,peripheral,0.200000,8,0.189283,Нет специфической роли. Вход 1: 12000.00 KZT; выход 0: 0.00 KZT; seed-путей 1. Граница выгрузки.
100000008586731100,terminal,0.450000,11,0.189283,Наблюдаемый конец маршрута. Вход 1: 12000.00 KZT; выход 0: 0.00 KZT; seed-путей 1.
100000004388209100,terminal,0.450000,2,0.188072,Наблюдаемый конец маршрута. Вход 1: 11800.00 KZT; выход 0: 0.00 KZT; seed-путей 1.
100000008751349100,terminal,0.450000,26,0.187803,Наблюдаемый конец маршрута. Вход 1: 11630.00 KZT; выход 0: 0.00 KZT; seed-путей 1.
100000002750332100,terminal,0.450000,9,0.187668,Наблюдаемый конец маршрута. Вход 1: 11360.00 KZT; выход 0: 0.00 KZT; seed-путей 1.
100000002721825100,terminal,0.450000,1,0.187130,Наблюдаемый конец маршрута. Вход 1: 11000.00 KZT; выход 0: 0.00 KZT; seed-путей 1.
100000008141170100,terminal,0.450000,5,0.187130,Наблюдаемый конец маршрута. Вход 1: 11000.00 KZT; выход 0: 0.00 KZT; seed-путей 1.
100000008327791100,peripheral,0.200000,17,0.187130,Нет специфической роли. Вход 1: 11000.00 KZT; выход 0: 0.00 KZT; seed-путей 1. Граница выгрузки.
100000008489604100,terminal,0.450000,2,0.187130,Наблюдаемый конец маршрута. Вход 1: 11000.00 KZT; выход 0: 0.00 KZT; seed-путей 1.
100000002844897100,terminal,0.450000,9,0.186188,Наблюдаемый конец маршрута. Вход 1: 10800.00 KZT; выход 0: 0.00 KZT; seed-путей 1.
100000006693788100,peripheral,0.200000,1,0.186053,Нет специфической роли. Вход 1: 10764.00 KZT; выход 0: 0.00 KZT; seed-путей 1. Граница выгрузки.
100000007140834100,terminal,0.612118,7,0.185380,Наблюдаемый конец маршрута. Вход 1: 10200.00 KZT; выход 0: 0.00 KZT; seed-путей 1.
100000004007197100,terminal,0.450000,24,0.185111,Наблюдаемый конец маршрута. Вход 1: 10048.00 KZT; выход 0: 0.00 KZT; seed-путей 1.
100000000299820100,peripheral,0.200000,4,0.184976,Нет специфической роли. Вход 1: 10000.00 KZT; выход 0: 0.00 KZT; seed-путей 1. Граница выгрузки.
100000000625169100,terminal,0.450000,2,0.184976,Наблюдаемый конец маршрута. Вход 1: 10000.00 KZT; выход 0: 0.00 KZT; seed-путей 1.
100000000704700100,peripheral,0.200000,24,0.184976,Нет специфической роли. Вход 1: 10000.00 KZT; выход 0: 0.00 KZT; seed-путей 1. Граница выгрузки.
100000000979567100,terminal,0.450000,2,0.184976,Наблюдаемый конец маршрута. Вход 1: 10000.00 KZT; выход 0: 0.00 KZT; seed-путей 1.
100000001202637100,peripheral,0.200000,8,0.184976,Нет специфической роли. Вход 1: 10000.00 KZT; выход 0: 0.00 KZT; seed-путей 1. Граница выгрузки.
100000001290243100,terminal,0.450000,5,0.184976,Наблюдаемый конец маршрута. Вход 1: 10000.00 KZT; выход 0: 0.00 KZT; seed-путей 1.
100000002130400100,peripheral,0.200000,36,0.184976,Нет специфической роли. Вход 1: 10000.00 KZT; выход 0: 0.00 KZT; seed-путей 1. Граница выгрузки.
100000002227960100,peripheral,0.200000,21,0.184976,Нет специфической роли. Вход 1: 10000.00 KZT; выход 0: 0.00 KZT; seed-путей 1. Граница выгрузки.
100000002540033100,peripheral,0.200000,18,0.184976,Нет специфической роли. Вход 1: 10000.00 KZT; выход 0: 0.00 KZT; seed-путей 1. Граница выгрузки.
100000002726055100,peripheral,0.200000,21,0.184976,Нет специфической роли. Вход 1: 10000.00 KZT; выход 0: 0.00 KZT; seed-путей 1. Граница выгрузки.
100000002809568100,terminal,0.450000,1,0.184976,Наблюдаемый конец маршрута. Вход 1: 10000.00 KZT; выход 0: 0.00 KZT; seed-путей 1.
100000002999140100,peripheral,0.200000,11,0.184976,Нет специфической роли. Вход 1: 10000.00 KZT; выход 0: 0.00 KZT; seed-путей 1. Граница выгрузки.
100000003006633100,terminal,0.450000,34,0.184976,Наблюдаемый конец маршрута. Вход 1: 10000.00 KZT; выход 0: 0.00 KZT; seed-путей 1.
100000003105089100,peripheral,0.200000,21,0.184976,Нет специфической роли. Вход 1: 10000.00 KZT; выход 0: 0.00 KZT; seed-путей 1. Граница выгрузки.
100000003449074100,terminal,0.450000,1,0.184976,Наблюдаемый конец маршрута. Вход 1: 10000.00 KZT; выход 0: 0.00 KZT; seed-путей 1.
100000003962994100,terminal,0.450000,37,0.184976,Наблюдаемый конец маршрута. Вход 1: 10000.00 KZT; выход 0: 0.00 KZT; seed-путей 1.
100000004049912100,peripheral,0.200000,19,0.184976,Нет специфической роли. Вход 1: 10000.00 KZT; выход 0: 0.00 KZT; seed-путей 1. Граница выгрузки.
100000004177936100,peripheral,0.200000,4,0.184976,Нет специфической роли. Вход 1: 10000.00 KZT; выход 0: 0.00 KZT; seed-путей 1. Граница выгрузки.
100000004185681100,terminal,0.450000,3,0.184976,Наблюдаемый конец маршрута. Вход 1: 10000.00 KZT; выход 0: 0.00 KZT; seed-путей 1.
100000004260869100,peripheral,0.200000,5,0.184976,Нет специфической роли. Вход 1: 10000.00 KZT; выход 0: 0.00 KZT; seed-путей 1. Граница выгрузки.
100000004265639100,peripheral,0.200000,4,0.184976,Нет специфической роли. Вход 1: 10000.00 KZT; выход 0: 0.00 KZT; seed-путей 1. Граница выгрузки.
100000004272302100,peripheral,0.200000,45,0.184976,Нет специфической роли. Вход 1: 10000.00 KZT; выход 0: 0.00 KZT; seed-путей 1. Граница выгрузки.
100000004850609100,peripheral,0.200000,1,0.184976,Нет специфической роли. Вход 1: 10000.00 KZT; выход 0: 0.00 KZT; seed-путей 1. Граница выгрузки.
100000004950490100,terminal,0.450000,7,0.184976,Наблюдаемый конец маршрута. Вход 1: 10000.00 KZT; выход 0: 0.00 KZT; seed-путей 1.
100000004970752100,terminal,0.450000,1,0.184976,Наблюдаемый конец маршрута. Вход 1: 10000.00 KZT; выход 0: 0.00 KZT; seed-путей 1.
100000005367445100,transit,0.679781,10,0.184976,Признаки транзита. Вход 1: 5000.00 KZT; выход 1: 5000.00 KZT; seed-путей 1.
100000006965162100,terminal,0.450000,28,0.184976,Наблюдаемый конец маршрута. Вход 1: 10000.00 KZT; выход 0: 0.00 KZT; seed-путей 1.
100000008129393100,terminal,0.450000,52,0.184976,Наблюдаемый конец маршрута. Вход 1: 10000.00 KZT; выход 0: 0.00 KZT; seed-путей 1.
100000008463968100,terminal,0.450000,2,0.184976,Наблюдаемый конец маршрута. Вход 1: 10000.00 KZT; выход 0: 0.00 KZT; seed-путей 1.
100000008478414100,terminal,0.450000,2,0.184976,Наблюдаемый конец маршрута. Вход 1: 10000.00 KZT; выход 0: 0.00 KZT; seed-путей 1.
100000008582730100,transit,0.679781,19,0.184976,Признаки транзита. Вход 1: 5000.00 KZT; выход 1: 5000.00 KZT; seed-путей 1.
100000008708025100,terminal,0.450000,28,0.184976,Наблюдаемый конец маршрута. Вход 1: 10000.00 KZT; выход 0: 0.00 KZT; seed-путей 1.
100000008778753100,peripheral,0.200000,25,0.184976,Нет специфической роли. Вход 1: 10000.00 KZT; выход 0: 0.00 KZT; seed-путей 1. Граница выгрузки.
100000004780083100,peripheral,0.200000,58,0.176766,Нет специфической роли. Вход 1: 9999.00 KZT; выход 0: 0.00 KZT; seed-путей 1. Граница выгрузки.
100000006522972100,terminal,0.450000,6,0.176497,Наблюдаемый конец маршрута. Вход 1: 9515.00 KZT; выход 0: 0.00 KZT; seed-путей 1.
100000008612257100,terminal,0.450000,17,0.176363,Наблюдаемый конец маршрута. Вход 1: 9500.00 KZT; выход 0: 0.00 KZT; seed-путей 1.
100000007005380100,terminal,0.450000,6,0.176228,Наблюдаемый конец маршрута. Вход 1: 9400.00 KZT; выход 0: 0.00 KZT; seed-путей 1.
100000001325618100,peripheral,0.200000,8,0.176094,Нет специфической роли. Вход 1: 9300.00 KZT; выход 0: 0.00 KZT; seed-путей 1. Граница выгрузки.
100000002558173100,terminal,0.450000,32,0.176094,Наблюдаемый конец маршрута. Вход 1: 9300.00 KZT; выход 0: 0.00 KZT; seed-путей 1.
100000002603371100,terminal,0.450000,1,0.176094,Наблюдаемый конец маршрута. Вход 1: 9300.00 KZT; выход 0: 0.00 KZT; seed-путей 1.
100000002258492100,peripheral,0.200000,20,0.175690,Нет специфической роли. Вход 1: 9000.00 KZT; выход 0: 0.00 KZT; seed-путей 1. Граница выгрузки.
100000003481025100,peripheral,0.200000,1,0.175690,Нет специфической роли. Вход 1: 9000.00 KZT; выход 0: 0.00 KZT; seed-путей 1. Граница выгрузки.
100000004263867100,peripheral,0.200000,8,0.175690,Нет специфической роли. Вход 1: 9000.00 KZT; выход 0: 0.00 KZT; seed-путей 1. Граница выгрузки.
100000004449824100,peripheral,0.200000,8,0.175690,Нет специфической роли. Вход 1: 9000.00 KZT; выход 0: 0.00 KZT; seed-путей 1. Граница выгрузки.
100000008708061100,terminal,0.450000,2,0.174613,Наблюдаемый конец маршрута. Вход 1: 8650.00 KZT; выход 0: 0.00 KZT; seed-путей 1.
100000008672200100,terminal,0.450000,2,0.174478,Наблюдаемый конец маршрута. Вход 1: 8511.00 KZT; выход 0: 0.00 KZT; seed-путей 1.
100000008750464100,terminal,0.450000,2,0.174209,Наблюдаемый конец маршрута. Вход 1: 8500.00 KZT; выход 0: 0.00 KZT; seed-путей 1.
100000005807278100,terminal,0.450000,44,0.173671,Наблюдаемый конец маршрута. Вход 1: 8385.00 KZT; выход 0: 0.00 KZT; seed-путей 1.
100000000481716100,terminal,0.450000,8,0.173536,Наблюдаемый конец маршрута. Вход 1: 8000.00 KZT; выход 0: 0.00 KZT; seed-путей 1.
100000001256409100,peripheral,0.200000,4,0.173536,Нет специфической роли. Вход 1: 8000.00 KZT; выход 0: 0.00 KZT; seed-путей 1. Граница выгрузки.
100000001299443100,peripheral,0.200000,8,0.173536,Нет специфической роли. Вход 1: 8000.00 KZT; выход 0: 0.00 KZT; seed-путей 1. Граница выгрузки.
100000008537380100,terminal,0.450000,2,0.173536,Наблюдаемый конец маршрута. Вход 1: 8000.00 KZT; выход 0: 0.00 KZT; seed-путей 1.
100000004714705100,peripheral,0.200000,20,0.172851,Нет специфической роли. Вход 0: 0.00 KZT; выход 1: 36550.00 KZT; seed-путей 0.
100000004553349100,terminal,0.450000,6,0.172460,Наблюдаемый конец маршрута. Вход 1: 7755.00 KZT; выход 0: 0.00 KZT; seed-путей 1.
100000003996562100,terminal,0.450000,1,0.172325,Наблюдаемый конец маршрута. Вход 1: 7700.00 KZT; выход 0: 0.00 KZT; seed-путей 1.
100000005367180100,peripheral,0.200000,4,0.172325,Нет специфической роли. Вход 1: 7700.00 KZT; выход 0: 0.00 KZT; seed-путей 1. Граница выгрузки.
100000004493586100,terminal,0.450000,1,0.172056,Наблюдаемый конец маршрута. Вход 1: 7500.00 KZT; выход 0: 0.00 KZT; seed-путей 1.
100000002974256100,terminal,0.450000,11,0.171787,Наблюдаемый конец маршрута. Вход 1: 7200.00 KZT; выход 0: 0.00 KZT; seed-путей 1.
100000005010159100,peripheral,0.200000,4,0.171652,Нет специфической роли. Вход 1: 7092.00 KZT; выход 0: 0.00 KZT; seed-путей 1. Граница выгрузки.
100000000018102100,peripheral,0.200000,1,0.171517,Нет специфической роли. Вход 1: 7000.00 KZT; выход 0: 0.00 KZT; seed-путей 1. Граница выгрузки.
100000003005167100,peripheral,0.200000,8,0.171517,Нет специфической роли. Вход 1: 7000.00 KZT; выход 0: 0.00 KZT; seed-путей 1. Граница выгрузки.
100000003377795100,terminal,0.450000,7,0.171517,Наблюдаемый конец маршрута. Вход 1: 7000.00 KZT; выход 0: 0.00 KZT; seed-путей 1.
100000003950749100,peripheral,0.200000,5,0.171517,Нет специфической роли. Вход 1: 7000.00 KZT; выход 0: 0.00 KZT; seed-путей 1. Граница выгрузки.
100000004592467100,terminal,0.450000,3,0.171517,Наблюдаемый конец маршрута. Вход 1: 7000.00 KZT; выход 0: 0.00 KZT; seed-путей 1.
100000005127767100,terminal,0.450000,37,0.171517,Наблюдаемый конец маршрута. Вход 1: 7000.00 KZT; выход 0: 0.00 KZT; seed-путей 1.
100000008755754100,terminal,0.450000,14,0.171517,Наблюдаемый конец маршрута. Вход 1: 7000.00 KZT; выход 0: 0.00 KZT; seed-путей 1.
100000008762843100,peripheral,0.200000,9,0.171517,Нет специфической роли. Вход 1: 7000.00 KZT; выход 0: 0.00 KZT; seed-путей 1. Граница выгрузки.
100000008762885100,peripheral,0.200000,9,0.171517,Нет специфической роли. Вход 1: 7000.00 KZT; выход 0: 0.00 KZT; seed-путей 1. Граница выгрузки.
100000000955444100,terminal,0.450000,42,0.170306,Наблюдаемый конец маршрута. Вход 1: 6910.00 KZT; выход 0: 0.00 KZT; seed-путей 1.
100000001714883100,peripheral,0.200000,8,0.170172,Нет специфической роли. Вход 1: 6900.00 KZT; выход 0: 0.00 KZT; seed-путей 1. Граница выгрузки.
100000001297206100,peripheral,0.200000,1,0.170037,Нет специфической роли. Вход 1: 6758.00 KZT; выход 0: 0.00 KZT; seed-путей 1. Граница выгрузки.
100000002299948100,terminal,0.450000,32,0.169902,Наблюдаемый конец маршрута. Вход 1: 6750.00 KZT; выход 0: 0.00 KZT; seed-путей 1.
100000002474570100,peripheral,0.200000,8,0.169902,Нет специфической роли. Вход 1: 6750.00 KZT; выход 0: 0.00 KZT; seed-путей 1. Граница выгрузки.
100000003084870100,peripheral,0.200000,14,0.169499,Нет специфической роли. Вход 1: 6500.00 KZT; выход 0: 0.00 KZT; seed-путей 1. Граница выгрузки.
100000005055454100,terminal,0.450000,29,0.169499,Наблюдаемый конец маршрута. Вход 1: 6500.00 KZT; выход 0: 0.00 KZT; seed-путей 1.
100000003194831100,peripheral,0.200000,8,0.169095,Нет специфической роли. Вход 1: 6265.00 KZT; выход 0: 0.00 KZT; seed-путей 1. Граница выгрузки.
100000000782285100,terminal,0.450000,1,0.168960,Наблюдаемый конец маршрута. Вход 1: 6151.00 KZT; выход 0: 0.00 KZT; seed-путей 1.
100000000783406100,terminal,0.450000,34,0.168691,Наблюдаемый конец маршрута. Вход 1: 6066.00 KZT; выход 0: 0.00 KZT; seed-путей 1.
100000002184107100,terminal,0.450000,34,0.168691,Наблюдаемый конец маршрута. Вход 1: 6066.00 KZT; выход 0: 0.00 KZT; seed-путей 1.
100000006444163100,terminal,0.450000,1,0.168422,Наблюдаемый конец маршрута. Вход 1: 6026.00 KZT; выход 0: 0.00 KZT; seed-путей 1.
100000000718427100,terminal,0.450000,2,0.168287,Наблюдаемый конец маршрута. Вход 1: 6000.00 KZT; выход 0: 0.00 KZT; seed-путей 1.
100000002346166100,terminal,0.450000,2,0.168287,Наблюдаемый конец маршрута. Вход 1: 6000.00 KZT; выход 0: 0.00 KZT; seed-путей 1.
100000002512742100,peripheral,0.200000,8,0.168287,Нет специфической роли. Вход 1: 6000.00 KZT; выход 0: 0.00 KZT; seed-путей 1. Граница выгрузки.
100000002878483100,peripheral,0.200000,8,0.168287,Нет специфической роли. Вход 1: 6000.00 KZT; выход 0: 0.00 KZT; seed-путей 1. Граница выгрузки.
100000003838587100,peripheral,0.200000,15,0.168287,Нет специфической роли. Вход 1: 6000.00 KZT; выход 0: 0.00 KZT; seed-путей 1. Граница выгрузки.
100000002986245100,peripheral,0.200000,8,0.166941,Нет специфической роли. Вход 1: 5750.00 KZT; выход 0: 0.00 KZT; seed-путей 1. Граница выгрузки.
100000004377043100,peripheral,0.200000,28,0.166807,Нет специфической роли. Вход 1: 5700.00 KZT; выход 0: 0.00 KZT; seed-путей 1. Граница выгрузки.
100000008488166100,terminal,0.450000,2,0.166672,Наблюдаемый конец маршрута. Вход 1: 5600.00 KZT; выход 0: 0.00 KZT; seed-путей 1.
100000001498732100,peripheral,0.200000,50,0.166538,Нет специфической роли. Вход 1: 5500.00 KZT; выход 0: 0.00 KZT; seed-путей 1. Граница выгрузки.
100000004013952100,peripheral,0.200000,1,0.166538,Нет специфической роли. Вход 1: 5500.00 KZT; выход 0: 0.00 KZT; seed-путей 1. Граница выгрузки.
100000004268036100,peripheral,0.200000,8,0.166538,Нет специфической роли. Вход 1: 5500.00 KZT; выход 0: 0.00 KZT; seed-путей 1. Граница выгрузки.
100000004569637100,peripheral,0.200000,4,0.166538,Нет специфической роли. Вход 1: 5500.00 KZT; выход 0: 0.00 KZT; seed-путей 1. Граница выгрузки.
100000005146665100,peripheral,0.200000,56,0.166538,Нет специфической роли. Вход 1: 5500.00 KZT; выход 0: 0.00 KZT; seed-путей 1. Граница выгрузки.
100000002916006100,peripheral,0.200000,20,0.165987,Нет специфической роли. Вход 0: 0.00 KZT; выход 1: 32000.00 KZT; seed-путей 0.
100000005293969100,peripheral,0.200000,1,0.165596,Нет специфической роли. Вход 1: 5466.97 KZT; выход 0: 0.00 KZT; seed-путей 1. Граница выгрузки.
100000008255655100,peripheral,0.200000,17,0.165461,Нет специфической роли. Вход 1: 5400.00 KZT; выход 0: 0.00 KZT; seed-путей 1. Граница выгрузки.
100000002614095100,terminal,0.450000,2,0.165326,Наблюдаемый конец маршрута. Вход 1: 5300.00 KZT; выход 0: 0.00 KZT; seed-путей 1.
100000002635746100,peripheral,0.200000,8,0.165326,Нет специфической роли. Вход 1: 5300.00 KZT; выход 0: 0.00 KZT; seed-путей 1. Граница выгрузки.
100000003986141100,terminal,0.450000,17,0.164923,Наблюдаемый конец маршрута. Вход 1: 5286.32 KZT; выход 0: 0.00 KZT; seed-путей 1.
100000008648783100,peripheral,0.200000,8,0.164653,Нет специфической роли. Вход 1: 5200.00 KZT; выход 0: 0.00 KZT; seed-путей 1. Граница выгрузки.
100000005910895100,peripheral,0.200000,12,0.164384,Нет специфической роли. Вход 1: 5100.00 KZT; выход 0: 0.00 KZT; seed-путей 1. Граница выгрузки.
100000001590795100,peripheral,0.200000,8,0.164250,Нет специфической роли. Вход 1: 5060.00 KZT; выход 0: 0.00 KZT; seed-путей 1. Граница выгрузки.
100000000307908100,terminal,0.450000,41,0.164115,Наблюдаемый конец маршрута. Вход 1: 5000.00 KZT; выход 0: 0.00 KZT; seed-путей 1.
100000000581682100,peripheral,0.200000,28,0.164115,Нет специфической роли. Вход 1: 5000.00 KZT; выход 0: 0.00 KZT; seed-путей 1. Граница выгрузки.
100000000765628100,terminal,0.450000,5,0.164115,Наблюдаемый конец маршрута. Вход 1: 5000.00 KZT; выход 0: 0.00 KZT; seed-путей 1.
100000001860090100,terminal,0.450000,7,0.164115,Наблюдаемый конец маршрута. Вход 1: 5000.00 KZT; выход 0: 0.00 KZT; seed-путей 1.
100000002621915100,terminal,0.450000,5,0.164115,Наблюдаемый конец маршрута. Вход 1: 5000.00 KZT; выход 0: 0.00 KZT; seed-путей 1.
100000002994441100,peripheral,0.200000,4,0.164115,Нет специфической роли. Вход 1: 5000.00 KZT; выход 0: 0.00 KZT; seed-путей 1. Граница выгрузки.
100000003626268100,peripheral,0.200000,4,0.164115,Нет специфической роли. Вход 1: 5000.00 KZT; выход 0: 0.00 KZT; seed-путей 1. Граница выгрузки.
100000003646145100,peripheral,0.200000,32,0.164115,Нет специфической роли. Вход 1: 5000.00 KZT; выход 0: 0.00 KZT; seed-путей 1. Граница выгрузки.
100000003671721100,terminal,0.450000,8,0.164115,Наблюдаемый конец маршрута. Вход 1: 5000.00 KZT; выход 0: 0.00 KZT; seed-путей 1.
100000004403548100,peripheral,0.200000,4,0.164115,Нет специфической роли. Вход 1: 5000.00 KZT; выход 0: 0.00 KZT; seed-путей 1. Граница выгрузки.
100000005370558100,peripheral,0.200000,1,0.164115,Нет специфической роли. Вход 1: 5000.00 KZT; выход 0: 0.00 KZT; seed-путей 1. Граница выгрузки.
100000006490557100,terminal,0.450000,7,0.164115,Наблюдаемый конец маршрута. Вход 1: 5000.00 KZT; выход 0: 0.00 KZT; seed-путей 1.
100000006573438100,terminal,0.450000,40,0.164115,Наблюдаемый конец маршрута. Вход 1: 5000.00 KZT; выход 0: 0.00 KZT; seed-путей 1.
100000007510875100,terminal,0.450000,9,0.164115,Наблюдаемый конец маршрута. Вход 1: 5000.00 KZT; выход 0: 0.00 KZT; seed-путей 1.
100000007930878100,terminal,0.450000,42,0.164115,Наблюдаемый конец маршрута. Вход 1: 5000.00 KZT; выход 0: 0.00 KZT; seed-путей 1.
100000008042075100,terminal,0.450000,23,0.164115,Наблюдаемый конец маршрута. Вход 1: 5000.00 KZT; выход 0: 0.00 KZT; seed-путей 1.
100000008649416100,peripheral,0.200000,17,0.164115,Нет специфической роли. Вход 1: 5000.00 KZT; выход 0: 0.00 KZT; seed-путей 1. Граница выгрузки.
100000008762005100,peripheral,0.200000,9,0.164115,Нет специфической роли. Вход 1: 5000.00 KZT; выход 0: 0.00 KZT; seed-путей 1. Граница выгрузки.
100000003200071100,peripheral,0.200000,67,0.161680,Нет специфической роли. Вход 0: 0.00 KZT; выход 1: 30000.00 KZT; seed-путей 0.
100000006831291100,peripheral,0.200000,52,0.109998,Нет специфической роли. Вход 0: 0.00 KZT; выход 1: 15000.00 KZT; seed-путей 0.
100000005543136100,peripheral,0.200000,13,0.094251,Нет специфической роли. Вход 0: 0.00 KZT; выход 1: 10000.00 KZT; seed-путей 0.
100000000456947100,peripheral,0.000000,71,0.000000,Нет специфической роли. Вход 0: 0.00 KZT; выход 0: 0.00 KZT; seed-путей 0. Изолят в срезе.
100000003265658100,peripheral,0.000000,72,0.000000,Нет специфической роли. Вход 0: 0.00 KZT; выход 0: 0.00 KZT; seed-путей 0. Изолят в срезе.
100000003349739100,peripheral,0.000000,73,0.000000,Нет специфической роли. Вход 0: 0.00 KZT; выход 0: 0.00 KZT; seed-путей 0. Изолят в срезе.
100000003770083100,peripheral,0.000000,74,0.000000,Нет специфической роли. Вход 0: 0.00 KZT; выход 0: 0.00 KZT; seed-путей 0. Изолят в срезе.
100000004021459100,peripheral,0.000000,75,0.000000,Нет специфической роли. Вход 0: 0.00 KZT; выход 0: 0.00 KZT; seed-путей 0. Изолят в срезе.
100000004174835100,peripheral,0.000000,76,0.000000,Нет специфической роли. Вход 0: 0.00 KZT; выход 0: 0.00 KZT; seed-путей 0. Изолят в срезе.
100000005017150100,peripheral,0.000000,77,0.000000,Нет специфической роли. Вход 0: 0.00 KZT; выход 0: 0.00 KZT; seed-путей 0. Изолят в срезе.
100000005087431100,peripheral,0.000000,78,0.000000,Нет специфической роли. Вход 0: 0.00 KZT; выход 0: 0.00 KZT; seed-путей 0. Изолят в срезе.
100000005235389100,peripheral,0.000000,79,0.000000,Нет специфической роли. Вход 0: 0.00 KZT; выход 0: 0.00 KZT; seed-путей 0. Изолят в срезе.
100000005480435100,peripheral,0.000000,80,0.000000,Нет специфической роли. Вход 0: 0.00 KZT; выход 0: 0.00 KZT; seed-путей 0. Изолят в срезе.
100000005495722100,peripheral,0.000000,81,0.000000,Нет специфической роли. Вход 0: 0.00 KZT; выход 0: 0.00 KZT; seed-путей 0. Изолят в срезе.
100000005550592100,peripheral,0.000000,82,0.000000,Нет специфической роли. Вход 0: 0.00 KZT; выход 0: 0.00 KZT; seed-путей 0. Изолят в срезе.
100000005560900100,peripheral,0.000000,83,0.000000,Нет специфической роли. Вход 0: 0.00 KZT; выход 0: 0.00 KZT; seed-путей 0. Изолят в срезе.
100000005568407100,peripheral,0.000000,84,0.000000,Нет специфической роли. Вход 0: 0.00 KZT; выход 0: 0.00 KZT; seed-путей 0. Изолят в срезе.
100000008117324100,peripheral,0.000000,85,0.000000,Нет специфической роли. Вход 0: 0.00 KZT; выход 0: 0.00 KZT; seed-путей 0. Изолят в срезе.
100000008205000100,peripheral,0.000000,86,0.000000,Нет специфической роли. Вход 0: 0.00 KZT; выход 0: 0.00 KZT; seed-путей 0. Изолят в срезе.
100000008513251100,peripheral,0.000000,87,0.000000,Нет специфической роли. Вход 0: 0.00 KZT; выход 0: 0.00 KZT; seed-путей 0. Изолят в срезе.
100000008669037100,peripheral,0.000000,88,0.000000,Нет специфической роли. Вход 0: 0.00 KZT; выход 0: 0.00 KZT; seed-путей 0. Изолят в срезе.
100000008701222100,peripheral,0.000000,89,0.000000,Нет специфической роли. Вход 0: 0.00 KZT; выход 0: 0.00 KZT; seed-путей 0. Изолят в срезе.
